age,weight,attractive,intelligence,trustworthy,male
25.545454,NA,1.9285715,2.6363637,NA,TRUE
37.5,2.8,2.3599999,3.8,2.6700001,TRUE
23.888889,NA,2,3.3636363,NA,TRUE
18.923077,NA,3.2173913,3.2307692,2.6315789,FALSE
23.615385,1.7857143,2.9375,NA,3.1333334,FALSE
17.625,3.1538463,2.6666667,NA,NA,FALSE
23.071428,2.8666666,2.7333333,3.7272727,NA,FALSE
53.64706,3.2857144,2.1428571,3.8,NA,TRUE
19.6,NA,2.2857144,3,NA,TRUE
30.5,3.0833333,2.2307692,3.4166667,2.909091,FALSE
13.7,2.625,1.4545455,NA,2.3333333,FALSE
27.5,3.5714285,2.4000001,3.875,NA,FALSE
20.151516,2.2222223,2.7142856,3.6153846,NA,FALSE
21.933332,NA,1.5,NA,2.25,FALSE
20.384615,1.7777778,3.1071429,NA,NA,FALSE
25.75,NA,1.625,3,2,TRUE
18.6,NA,2.3,3.625,2.5,FALSE
51.21875,NA,1.6744186,3.4705882,2.4444444,TRUE
27.666666,NA,2.2777777,3.1578948,2.25,TRUE
25.200001,1.3,2.1199999,3.7,2.49,TRUE
19.052631,1.962963,2.7037036,NA,NA,FALSE
18.285715,NA,2.75,3.8695652,NA,TRUE
22.461538,3.0769231,2.9166667,NA,NA,TRUE
33.066666,3,2.3157895,3.6818182,NA,FALSE
27.777779,2.2857144,2,3,2.5714285,TRUE
20.799999,3.1176472,2.5,3.5333333,NA,FALSE
22.6,2.2,2.48,3.4000001,2.6700001,TRUE
22.545454,2.4000001,2.7692308,NA,NA,FALSE
32.599998,2.8,2.5999999,3.0999999,2.76,FALSE
21.588236,1.7647059,NA,NA,2.7692308,FALSE
17.363636,2.1666667,2.9166667,3.7272727,2.7272727,FALSE
24.6,2.5999999,2.8181818,3.8,3.1818182,FALSE
28.714285,3.3333333,2.0625,2.7692308,NA,TRUE
26.416666,NA,2.4166667,2.5454545,NA,FALSE
24.200001,2.7,2.24,3.2,2.5799999,FALSE
19.888889,NA,2.3703704,2.75,2.1304348,FALSE
23.200001,1.8333334,3.2,2.8333333,NA,FALSE
21.75,2.4285715,2.5,3.375,2.1666667,FALSE
25.826086,NA,2.3214285,3.6923077,2.6842105,FALSE
12.333333,NA,1.6666666,1.4444444,NA,FALSE
28.200001,2.5,2.3599999,3.8,2.6700001,TRUE
27.372093,2.9523809,2.6046512,3.7272727,NA,TRUE
26,2.5999999,1.9090909,2.6363637,2.3333333,TRUE
24.454546,2.1818182,2.2181818,3.5454545,2.8636363,TRUE
24.692308,NA,2.5,3.5,NA,FALSE
28.5,NA,2.25,3.8181818,NA,FALSE
14.111111,NA,1,2.3333333,NA,TRUE
29.5,3,2.1199999,3.5999999,2.5799999,TRUE
35.299999,3.7,2.24,3.5,2.6700001,FALSE
17.9,2.2857144,2.3636363,3.3333333,2.6666667,FALSE
28.882353,NA,1.8583333,3.090909,2.8333333,FALSE
19.466667,2.090909,1.9285715,2.9230769,NA,TRUE
27.181818,NA,2.4444444,4,3.25,FALSE
20.23077,2.6666667,2.3333333,2.9333334,NA,FALSE
25.4,3.0999999,2.1199999,2.9000001,2.49,FALSE
31.299999,NA,1.6923077,3.7142856,NA,TRUE
36,NA,2.2222223,3.090909,NA,TRUE
37.25,3,2.5384614,2.9000001,NA,FALSE
16.916666,3.4166667,1.8333334,2.9166667,2.5833333,FALSE
46.846153,3.8461537,1.9230769,3.5384614,2.8076923,FALSE
53.25,3.4000001,2.2727273,2.5,NA,FALSE
27,3.1818182,2.7636364,3.1818182,2.6090908,TRUE
20.076923,2.6153846,2.0833333,3.2222223,NA,FALSE
29.200001,2.25,2.3076923,4.0833335,NA,FALSE
18.875,2.7777777,2.2857144,NA,NA,FALSE
33.464287,NA,1.8666667,NA,2.4166667,TRUE
41.5,3.3636363,1.9090909,2.090909,2.090909,TRUE
20.076923,NA,1.8666667,NA,2.5833333,FALSE
30.639999,NA,2.8399999,2.5999999,2.3529413,TRUE
36.900002,2.6666667,2.625,3.375,NA,FALSE
18.166666,3.2142856,2.3499999,NA,NA,FALSE
47.454544,NA,1.6666666,2.8,NA,TRUE
22.4,1.25,2.6666667,4,2.5,FALSE
21.666666,2.2,2.4000001,2.8333333,NA,FALSE
20.5,2.3,2.3599999,2.9000001,2.5799999,TRUE
25.200001,NA,2.5999999,3,2.5,FALSE
28.299999,3,2.24,3.2,2.49,TRUE
16.727272,2.5454545,3,3.5454545,2.909091,FALSE
28.222221,NA,2.1875,3.4166667,3,FALSE
25.222221,NA,2.5384614,NA,2.25,FALSE
26.700001,3.2,2.24,3,2.4000001,TRUE
37.333332,2.8333333,2.4411764,3.7083333,NA,FALSE
19.545454,2.3,2.7692308,3.9166667,NA,FALSE
20.799999,2.3,2.1199999,3.5,2.49,TRUE
27.17647,NA,2.7272727,3.75,NA,FALSE
34,4,1.9285715,2.4000001,NA,TRUE
31.888889,3.0999999,2.5999999,3,2.76,TRUE
28.200001,2.4545455,2.8947368,NA,2.2142856,FALSE
23.299999,3,2.5999999,3.4545455,2.8888888,FALSE
20,2.4545455,2.0769231,NA,NA,TRUE
17.071428,NA,1.6363636,NA,1.8666667,TRUE
30.700001,NA,2.4000001,3.5,2.625,FALSE
22.666666,3.8636363,1.6842105,4.2727275,NA,FALSE
30.799999,2.5999999,2.96,3.5999999,2.8499999,FALSE
30.09091,3.5714285,1.6923077,3.5,NA,TRUE
27.210526,2,3,3.3529413,NA,FALSE
49.666668,4.3333335,1.375,2.25,2.5714285,TRUE
29.6,NA,1.8333334,3.875,NA,FALSE
27.555555,2.375,2.0999999,NA,3.1333334,TRUE
25.454546,NA,2.1935484,3.2352941,NA,TRUE
39.11628,NA,1.5609756,3.3589745,2.1290324,TRUE
25.404255,NA,2.0545454,3.8387096,2.7441862,TRUE
18.25,NA,2.8181818,4.125,NA,FALSE
31.799999,3.4000001,2.48,3.4000001,2.6700001,TRUE
24.555555,2.125,1.8888888,3.625,1.7777778,FALSE
27.714285,3.3157895,2.1764705,1.9285715,NA,TRUE
25.200001,2.2,2.72,3.7,3.03,FALSE
23.4,NA,2.909091,NA,2.3888888,FALSE
29,3.4545455,2.1272728,2.8181818,2.7818182,FALSE
24.5,2.7272727,3.2727273,4,3.3,TRUE
20.1875,NA,1.9090909,3.5,NA,TRUE
19.727272,NA,2.1111112,2.7142856,NA,FALSE
26.538462,NA,1.8275862,3.2647059,2.9000001,FALSE
24.4,NA,2.4615386,3.5555556,NA,FALSE
21.799999,2.4000001,2.24,3.5,2.76,TRUE
32.25,2.8333333,2.4000001,2.8181818,NA,FALSE
23.782608,NA,1.9285715,3.0833333,2.8387096,FALSE
40.736843,NA,1.5,1.9444444,2.2,FALSE
17.222221,3.1818182,NA,1.9285715,NA,FALSE
18.571428,NA,2.5833333,3.25,NA,FALSE
16.571428,NA,1.5714285,3.2857144,2,FALSE
24.125,NA,2.2857144,2.9000001,2,TRUE
17,NA,2.6153846,3.8571429,NA,TRUE
27.916666,2.8461537,2.0769231,3.625,NA,TRUE
35.076923,3.7857144,1.7857143,3.1666667,NA,FALSE
23.724138,2.1333334,3.1379311,2.9230769,NA,FALSE
22.166666,NA,2.4000001,3.4000001,2.6923077,FALSE
30,2.5,2.8399999,3.4000001,2.8499999,FALSE
52.299999,2.7,2.5999999,3.5,2.8499999,FALSE
29.375,3.0999999,2.2857144,NA,NA,FALSE
27.307692,NA,2.4545455,3.3,NA,TRUE
41.25,NA,2.8571429,1.5,1,FALSE
31.571428,3,2.1428571,3.7142856,NA,FALSE
23.125,NA,3,2.4000001,NA,FALSE
25.5,2.9000001,2.7,3.3636363,2.8333333,FALSE
21.5,2.75,2.5555556,3.5454545,2.5,TRUE
30.90909,2,2.5,3.1666667,NA,FALSE
32.42857,4.1333332,1.8,3.0714285,NA,TRUE
27.67647,NA,2.1219511,2.8461537,2.8709676,FALSE
37.933334,1.9333333,2.1500001,3.3636363,NA,FALSE
16.615385,1.7777778,2.5714285,2.75,NA,FALSE
23.888889,NA,2.5384614,2.5714285,NA,FALSE
36.333332,3.125,2.5,3.4444444,NA,TRUE
22.583334,3.5,2.6956522,NA,NA,FALSE
24.037037,NA,2.4722223,3.9545455,NA,FALSE
31.307692,3.9473684,2.0833333,2.0666666,NA,TRUE
21.25,4.4166665,1.7222222,NA,NA,FALSE
34.214287,3.6470587,1.5714285,2.5384614,NA,TRUE
24.625,3.4285715,2.3076923,NA,NA,FALSE
53.421051,3.8888888,1.7857143,2.875,NA,FALSE
11.555555,2.5,2.3599999,3.4000001,2.6700001,TRUE
20.4,NA,1.5,2.8181818,NA,TRUE
28.799999,2.2,2.72,3.5,2.6700001,FALSE
43.133335,4.2666669,1.8461539,3.6923077,NA,FALSE
20.700001,2.0999999,2.1199999,3.2,2.5799999,TRUE
27.066668,NA,1.875,3.5999999,NA,TRUE
20.666666,NA,1.7777778,2,NA,FALSE
36.214287,NA,2,3.2,NA,FALSE
26.666666,NA,1.75,1.7777778,NA,FALSE
31.25,NA,2.9523809,3.5833333,2.625,TRUE
46.086956,4.3000002,1.6666666,2.6500001,NA,FALSE
25.846153,3,2.5,NA,2,TRUE
18.444445,2.0769231,3.2,3.625,NA,FALSE
18.357143,2.2352941,2.6923077,NA,NA,FALSE
25.307692,NA,2.5,4,3,TRUE
27.727272,2,2.1090908,2.8181818,2.5363636,FALSE
25.3125,1.875,2.5999999,3.1875,NA,FALSE
17.799999,3.1666667,1.5384616,NA,NA,FALSE
19,NA,2.8888888,3.7,2.5999999,FALSE
24.4,NA,2.7142856,2.5999999,1.75,FALSE
28.766666,3.0666666,2.0799999,2.2592592,NA,TRUE
38,2.6666667,1.875,2.3333333,NA,FALSE
24.555555,NA,2.3333333,2.7777777,2.25,FALSE
17.818182,NA,2,3.3333333,NA,FALSE
19,2.8571429,2.6666667,NA,NA,FALSE
34.23077,2.75,3,3.4444444,NA,FALSE
22.23077,3.875,2.3125,3.5,NA,FALSE
36.35294,NA,2.1363637,2.7058823,NA,TRUE
25,NA,2.7,4,NA,FALSE
24.533333,NA,2.3333333,2.5833333,1.9,TRUE
23,2.0999999,2.8,3.7777777,2.5,TRUE
21.636364,2.3,2.7,4.0999999,3.0999999,FALSE
24.5,NA,1.7,1.8888888,NA,FALSE
21,NA,2.5454545,2.8,3,FALSE
39.555557,NA,1.75,2.25,2.6666667,FALSE
33.416668,2.9230769,2.2916667,NA,2.8333333,FALSE
18.9,2.7,2,4.0999999,2.5999999,TRUE
19,2,1.8,NA,NA,TRUE
22.307692,NA,2.6538463,3,NA,FALSE
19.200001,2.2,2.24,4.0999999,3.03,FALSE
23.083334,3,3,NA,NA,FALSE
24.375,NA,1.5454545,3.7142856,NA,FALSE
20.461538,3.25,1.8181819,3.4545455,NA,TRUE
16.714285,NA,2.3333333,2.3333333,2,FALSE
29.25,NA,2,3.625,NA,TRUE
37.799999,NA,1.5555556,3.75,NA,FALSE
28,2.7142856,2.7,2.8,NA,FALSE
26.142857,4.1428571,2.3333333,2.6666667,NA,FALSE
39.25,3.5625,2.1052632,2.625,NA,TRUE
30.444445,2.2727273,2.4000001,3.375,2.75,TRUE
27.545454,3.9166667,1.6363636,2.5454545,1.8333334,TRUE
17.545454,2.2222223,2.5999999,NA,NA,FALSE
22.700001,NA,2.4285715,3.8,NA,TRUE
20.333334,2.75,2.7272727,3.3333333,2.625,FALSE
28,NA,2.25,1.75,NA,TRUE
33.444443,2.8888888,1.7777778,4.090909,3.0999999,TRUE
26.454546,2.5555556,2.6363637,2.8,NA,TRUE
55.5,2.25,2.1666667,NA,NA,TRUE
30.833334,NA,1.5,3.125,NA,TRUE
23.652174,NA,2.0689654,2.9375,NA,TRUE
16.25,2.5555556,2.8571429,3.75,2.5714285,TRUE
28.6,NA,2.25,3,2.2142856,TRUE
29.200001,2.4000001,2.3599999,3.5,2.5799999,FALSE
26.826923,NA,3.3,3.8666666,2.7586207,FALSE
28.1,3.3,2.48,3,2.49,FALSE
25.545454,2.4545455,2.8181818,3.5454545,2.1818182,FALSE
19.714285,NA,1.7777778,4.3333335,NA,TRUE
23.363636,4.5555553,1.8571428,NA,NA,FALSE
17.714285,NA,2.5714285,1.6666666,NA,TRUE
21,3,2.0999999,3,NA,FALSE
22.826086,NA,2.1612904,3.074074,NA,FALSE
33.5625,3.0769231,1.5625,1.7272727,NA,TRUE
29,3,2.72,3.4000001,2.5799999,TRUE
21.611111,NA,3,3.7777777,NA,FALSE
22.75,NA,2,NA,1.5,FALSE
21.700001,2.8,2.1199999,3.2,2.4000001,TRUE
16.75,2.5454545,2.4000001,NA,NA,FALSE
27.440001,NA,1.8780488,3.0769231,NA,TRUE
24.75,2.9166667,2.75,3.3333333,2.875,FALSE
19.875,2.8571429,1.4285715,NA,2.4444444,FALSE
25.0625,1.7333333,2.75,3.3846154,NA,FALSE
28.363636,2.6363637,2.5833333,4.090909,2.7272727,TRUE
19.941177,2.7878788,3.0227273,NA,2.9292035,FALSE
23.066668,2.3125,2.5,4.1599998,NA,FALSE
27,NA,2.4117646,NA,3.3333333,TRUE
21.307692,2.6153846,2.3076923,3.4615386,2.3076923,TRUE
24.200001,3.2,2,3.0999999,2.5799999,TRUE
19.111111,2.5,2.75,4.2857141,NA,FALSE
40.176472,NA,2,2.8571429,2.1818182,TRUE
19.799999,3.3,2.3333333,3.7,3,FALSE
30.375,NA,1.7894737,3.1818182,1.7894737,TRUE
15.142858,1.9473684,2.2380953,3.5882354,NA,FALSE
31.299999,NA,2.7142856,3.5,NA,TRUE
19.333334,NA,2.05,3.1666667,NA,TRUE
28.5,NA,1.875,2.5,2.5,FALSE
19.4,3.1111112,2.45,3.090909,NA,FALSE
30.111111,NA,2.3,3.3333333,1.8571428,TRUE
38.92857,NA,1.5,NA,2.2380953,TRUE
20.545454,2,1.875,NA,NA,TRUE
18.285715,2.5,2.75,NA,NA,FALSE
15,NA,1.9090909,2.1818182,2,TRUE
27.818182,3.1818182,2.2181818,2.8181818,2.5363636,TRUE
30.714285,2.8181818,NA,3.55,NA,FALSE
29.190475,3.7272727,2.2380953,3.25,NA,TRUE
27,2.7272727,2.8545454,3.4545455,2.7909091,FALSE
27.5,2,2.5999999,3.4000001,2.6700001,FALSE
18.625,2.2,2.5454545,NA,NA,FALSE
39,4.5,1.7368422,3.5999999,NA,TRUE
14.909091,NA,1.826087,3.4000001,NA,TRUE
24.75,2.4444444,2.8181818,4,NA,FALSE
35.900002,2.3,2,2.8,2.49,TRUE
24,2.6666667,2,3.3333333,2.75,TRUE
28.826086,3.8,1.8695652,NA,3.0714285,TRUE
24.6,3.0999999,2.96,3.5,2.6700001,FALSE
20.714285,2.7272727,2.5,3.9230769,NA,FALSE
17.851852,NA,2.2666667,NA,2.5789473,FALSE
35,2.4285715,1.8,2.5,2.2,TRUE
31.1,2.2,2.72,3.4000001,2.6700001,FALSE
22.883118,2.3888888,1.1756756,1.9130435,NA,FALSE
26.533333,2.95,2.9615386,3.909091,NA,FALSE
19.352942,NA,2,3.5999999,NA,TRUE
27.421053,3.4375,2.7096775,3.4230769,NA,FALSE
31.294117,2.2857144,2.1199999,2.8823528,NA,FALSE
40,4.1999998,1.8,2.7,2.8,TRUE
22.647058,NA,3.1666667,4,NA,FALSE
18.700001,NA,2.8181818,3.8,3,FALSE
33.200001,2.3,2.5999999,2.3,2.49,FALSE
41.333332,3.8,1.3529412,2.8947368,NA,TRUE
22.666666,NA,2.5,NA,2,FALSE
21.666666,NA,2.2222223,2.6666667,NA,FALSE
15.777778,2.1111112,NA,3.4285715,NA,FALSE
46.42857,2.1176472,2.6875,3.75,NA,FALSE
27.799999,2.7,2.48,3.4000001,2.6700001,TRUE
31.9,2.3,2.72,2.5999999,2.49,FALSE
21.826086,2.7692308,2.8399999,3.5,NA,FALSE
17.666666,3.4615386,1.8333334,NA,NA,FALSE
29.818182,2.8181818,2,3.5454545,2.6363637,TRUE
28.272728,NA,2.2857144,2.9444444,1.9230769,TRUE
22.82353,4.5294118,1.95,2.0588236,NA,FALSE
29.3125,3.1538463,2.8125,NA,NA,TRUE
16.666666,2.0833333,2.5,NA,NA,FALSE
25.299999,NA,1.7222222,NA,3.1538463,FALSE
52.083332,2.5833333,2.2,3.8333333,2.6500001,TRUE
21.222221,2.5,2.2857144,3.5714285,NA,FALSE
15.263158,2.0588236,2.5833333,2.7058823,NA,FALSE
24.200001,3.1428571,2.090909,NA,3,FALSE
11.888889,3.125,2.1935484,3.1071429,NA,TRUE
38.799999,NA,1.9117647,3.8196721,2.375,TRUE
20.777779,NA,3.2380953,3.5,NA,FALSE
22.666666,NA,NA,2.6363637,1.8333334,FALSE
32.857143,NA,2,2,NA,FALSE
19.111111,NA,1.9,3.25,NA,TRUE
29.4,3.090909,2.3636363,3.7272727,2.909091,FALSE
22.5,3.5714285,2.2307692,2.2222223,NA,TRUE
25.25,2.4285715,2.4545455,3.8181818,NA,FALSE
48,2.3,2.1199999,3.5999999,2.5799999,TRUE
26.833334,2.5454545,2.9375,4,NA,FALSE
31.23077,2.8,2.6923077,3.3636363,NA,TRUE
22.142857,NA,1.7,2.3636363,2.1111112,FALSE
20.625,2.5,3.1176472,NA,NA,FALSE
18.545454,NA,3.5,4,NA,FALSE
23.25,NA,2.6363637,4,NA,FALSE
21.085714,NA,2.5,3.875,NA,FALSE
23.5,NA,2.8499999,3.6428571,2.9444444,FALSE
26.200001,4.3000002,2,2.5999999,2.4000001,TRUE
23.9,2.9000001,2.24,3.4000001,2.5799999,FALSE
23.857143,NA,1.5625,4.4000001,2.5999999,FALSE
22.625,NA,3.2,2.25,2.3333333,FALSE
14.818182,2.1666667,2.5,NA,NA,FALSE
15.181818,2.6363637,2.5272727,3.2727273,2.6181817,FALSE
23,NA,2.5,2.5,NA,FALSE
45.735294,NA,1.8717948,NA,2.6896551,TRUE
24.9,2.7,2.4000001,3.8,2.7,TRUE
4.4545455,NA,3.05,3.5714285,NA,FALSE
30.75,3.8181818,2.1666667,NA,3,FALSE
21.5,3.8,2.0833333,3.875,NA,FALSE
20.266666,NA,2.6470587,NA,2,FALSE
54.400002,3.5,2.3599999,3.7,2.6700001,TRUE
24.142857,3.75,1.875,3,NA,FALSE
26.666666,NA,2.6875,3.25,3.090909,FALSE
19.799999,2.1538463,1.5333333,4.1875,NA,TRUE
23.571428,NA,2.125,3.4285715,2.6666667,TRUE
21.444445,NA,2.4444444,3.8666666,2.6153846,FALSE
37.473682,2.8333333,2.6875,3.9375,NA,TRUE
19.222221,3.1199999,2.3703704,3,NA,FALSE
34.666668,3.125,NA,3.7272727,NA,FALSE
18.16,2.0999999,2.2307692,2.5217392,NA,TRUE
25.866667,NA,2.4059405,3.5185184,2.375,FALSE
19.75,2.1818182,2.6666667,4,3,FALSE
23,1.7142857,2.3076923,3.2,2.1428571,FALSE
26.833334,3.1818182,2.25,3.2727273,2.2727273,TRUE
25.545454,2.2727273,2,3.8181818,2.6181817,TRUE
26.4,NA,2.2857144,2,1.2857143,TRUE
26.166666,NA,2.4375,3.2142856,NA,FALSE
21.210526,NA,1.7142857,NA,1.5833334,TRUE
33.142857,NA,2,2.1111112,NA,TRUE
26.444445,NA,1.5,3.4516129,1.9666667,TRUE
20,3,1.8,3,NA,FALSE
45.57143,3.1428571,1.7142857,3.5555556,2.75,TRUE
22.9,NA,2.9230769,3.6363637,2.4000001,FALSE
25.714285,2,2.7222223,3.0833333,NA,FALSE
21.428572,NA,2.4166667,1.875,NA,FALSE
21.333334,3.0999999,2.2941177,NA,NA,FALSE
41.18182,3.6363637,2.2181818,3.4545455,2.7818182,TRUE
16.6,2.5,NA,NA,2,FALSE
26.214285,3.6666667,2.1333334,NA,2.2857144,FALSE
35.3125,NA,2.0625,3.2307692,NA,TRUE
27.40909,2.25,3,NA,NA,FALSE
25.636364,3.1111112,2.4000001,3.25,NA,FALSE
21,1.625,3,3.5999999,1.8333334,FALSE
15.181818,NA,2.8,3.3333333,3.3333333,FALSE
25.647058,3.3571429,2.2,4,NA,FALSE
36.799999,NA,2.0625,2.8571429,NA,FALSE
46.739132,3.3684211,1.8275862,3.1153846,NA,TRUE
23.272728,2.6363637,3,3.9000001,3.3,FALSE
30.111111,2.2,3.2,NA,NA,FALSE
27.857143,NA,1.375,2.6363637,NA,TRUE
29,NA,3.1111112,3.5,2.1666667,TRUE
23.125,NA,1.875,2.3333333,NA,FALSE
18,2.75,2.1111112,3,2.7142856,FALSE
31.333334,2.7,2.1199999,2.9000001,2.49,TRUE
20.538462,NA,1.4444444,3.3333333,2.2727273,TRUE
14.818182,2.3333333,2.8461537,NA,2.25,FALSE
15.111111,2.8,2.3636363,NA,NA,FALSE
22.200001,3.25,2.1111112,NA,NA,TRUE
14.333333,1.75,2,3.6666667,NA,TRUE
19.833334,NA,3.1666667,3.0714285,NA,FALSE
57.400002,3.9000001,2,3.2,2.6700001,TRUE
28.5,2.4285715,2.5384614,NA,NA,FALSE
38.214287,NA,2.75,3.4545455,NA,TRUE
36.299999,2.9000001,2.5454545,3.2727273,2.8181818,FALSE
16.25,2,2,NA,NA,TRUE
26.121212,NA,NA,3.7368422,2.4285715,TRUE
17.530613,NA,2.5454545,2.4782608,NA,FALSE
22.461538,3.2222223,1.6666666,3,NA,TRUE
32.099998,2.7,2.72,3.8,2.9400001,FALSE
41.111111,NA,2,3.875,NA,TRUE
18.272728,1.9090909,2.6666667,2.8181818,2.3636363,TRUE
36,3,2.3076923,3.5999999,NA,FALSE
32.333332,NA,1.9166666,2.4000001,2.5454545,TRUE
29.833334,2.75,2.5555556,NA,NA,FALSE
21,NA,2.1428571,2.6666667,NA,TRUE
20.5,2.8666666,2.5,2.2,NA,TRUE
25.285715,3.4285715,1.7272727,NA,2.2857144,TRUE
23.700001,NA,2.1111112,2.1666667,NA,TRUE
26.25,2.75,2.5714285,3.4285715,3,TRUE
36.833332,3.1666667,1.7272727,3.2857144,NA,FALSE
15.75,1.9,NA,3.75,NA,FALSE
25.1,2.7,2.5999999,3.0999999,2.5799999,TRUE
29.923077,NA,2.1818182,3.6666667,2.6666667,TRUE
25.1875,4.4000001,1.6799999,3.2857144,NA,FALSE
19.222221,2.3636363,2.1111112,4,3,FALSE
32.911766,3.95,1.7297298,3.46875,NA,TRUE
33.599998,2.8499999,2.5999999,3.45,2.6700001,FALSE
30.125,2.909091,2.375,2.9523809,NA,TRUE
38.5,3.5,1.4545455,2.3,2,TRUE
26.461538,2.8888888,2.5714285,NA,NA,FALSE
22.545454,2.909091,2.4545455,3.4545455,2.4545455,TRUE
21.25,2.0588236,2.9444444,NA,NA,FALSE
30.111111,NA,2.1818182,4,2.9230769,FALSE
27.1,3,2.5999999,3.5999999,2.49,FALSE
40.636364,NA,2.375,3.1111112,NA,FALSE
32.57143,NA,1.9230769,3.3888888,2.3333333,FALSE
28.714285,2.8333333,2.1428571,NA,NA,FALSE
31.76923,NA,1.6875,NA,3.0769231,TRUE
18.666666,NA,2.6428571,3.4000001,3,FALSE
20.833334,NA,2,2.2,NA,FALSE
25.266666,NA,2.3636363,3.4444444,2.8181818,FALSE
36.700001,3.3,2.24,3.3,2.76,TRUE
21.827587,NA,2.5,3.8499999,NA,TRUE
28.6,3,2.5999999,2.9000001,2.49,FALSE
34.952381,2.439394,2.0416667,3.0967741,2.2857144,FALSE
22.4,2.4000001,2.8399999,3,2.4000001,FALSE
28.200001,3.1578948,2.3333333,3.8333333,NA,FALSE
14.75,NA,1.8888888,2,NA,FALSE
20.571428,NA,2.6666667,4.3333335,NA,FALSE
18.717392,NA,2.0697675,3.5,NA,FALSE
39.875,NA,2,3.3333333,NA,TRUE
42.5,2.7272727,1.9090909,3.0833333,2.4000001,TRUE
37.285713,NA,1.8333334,3.4285715,2.375,FALSE
18.882353,NA,1.92,3.2,2.2,TRUE
33.833332,3.8333333,NA,4,NA,FALSE
21.923077,NA,2.5999999,4,2.5384614,FALSE
34.900002,2.5999999,2.24,3.0999999,2.9400001,TRUE
23.454546,3.2727273,2.2,3.6363637,2.6272728,TRUE
0.66666669,2.2857144,2.6666667,4.1666665,NA,FALSE
24.700001,2.8,2.3599999,3.3,2.6700001,TRUE
33,NA,2.1818182,4,NA,TRUE
18.6,3.7857144,2.0588236,NA,2.9000001,FALSE
18.625,NA,2.1176472,3.25,NA,FALSE
26.950001,NA,2.3142858,NA,2.9333334,FALSE
26.636364,2.8181818,2.9636364,3.6363637,2.7909091,FALSE
35.714287,NA,1.7826087,3.6875,2.3,TRUE
32,NA,2.1199999,3.6666667,NA,FALSE
39.791668,NA,1.92,3.5,NA,TRUE
26.200001,3.3,2.1199999,3.5999999,2.49,TRUE
25.5,NA,3.2857144,3.5999999,1.8,FALSE
22,3.5,1.8333334,NA,NA,TRUE
20.388889,NA,2.2,4.125,NA,FALSE
21.103449,NA,1.75,2.4782608,NA,FALSE
28.90909,2.909091,2.5272727,3.3636363,2.7818182,FALSE
26.4,NA,2.3333333,4,NA,FALSE
27.625,1.8,2.4444444,4,3.0999999,FALSE
21.09091,NA,2.5833333,NA,1.875,TRUE
28.25,3.3333333,2.1666667,3.5,NA,FALSE
28.25,2.875,2.5999999,3.375,NA,FALSE
2.2222223,NA,3.0999999,4.1999998,NA,FALSE
20.375,1.9090909,1.7,3.1428571,NA,TRUE
22,NA,2,2,NA,TRUE
25.375,NA,3.0555556,3.3333333,NA,TRUE
20.512821,NA,2.4150944,2.4000001,NA,FALSE
37.363636,4,2.2181818,3.090909,2.6272728,FALSE
26.857143,3.4000001,1.9333333,NA,NA,FALSE
20.714285,NA,2.2307692,3.75,NA,TRUE
28.90909,3,1.6923077,3.6666667,NA,FALSE
16.454546,2.375,1.75,NA,NA,FALSE
31.466667,NA,1.6,2.2666667,NA,TRUE
27.285715,NA,1.6363636,2.2857144,NA,TRUE
37.5,NA,2.6315789,3.3636363,2.8,TRUE
21.777779,NA,2.4000001,3.5714285,2.75,FALSE
16.555555,NA,1.4,1.6666666,NA,TRUE
50.099998,1.9,2.3599999,3.5,2.76,FALSE
28,3.2,2.72,3.4000001,2.8499999,FALSE
16.5,NA,1.7857143,3.3333333,NA,FALSE
21,2.1111112,2.5555556,3.4444444,2.5999999,FALSE
23.166666,3.0999999,1.4,2.875,NA,FALSE
17,NA,3,2.9285715,NA,FALSE
25.4375,3,2.1153846,3.652174,NA,FALSE
20.1,2.6666667,3.4545455,3,NA,FALSE
19.636364,2.2,3.3076923,4.25,NA,FALSE
20.666666,NA,2.2,NA,2.2727273,FALSE
23.714285,NA,1.9411764,4.0666666,2.4210527,TRUE
44.6875,3.3913043,2.15625,3.7368422,NA,FALSE
26.333334,2.9000001,2.5999999,NA,NA,FALSE
21.9,NA,2.25,4.1052632,NA,FALSE
24.9,3.3333333,2,NA,NA,FALSE
22.928572,NA,2.5,3.3333333,2.25,TRUE
33.041668,2.8461537,2.1666667,NA,1.6923077,TRUE
16.714285,3.1428571,2.2,NA,NA,FALSE
25.5,2.3,2.375,4.0833335,NA,TRUE
40.84,NA,1.75,2.4736843,NA,TRUE
20.5,2.5999999,2.5555556,2.5,2.25,FALSE
8.545455,NA,2.1666667,3,2.4444444,TRUE
18.272728,3.5999999,2.1111112,NA,NA,TRUE
28.916666,3.25,2.4000001,3.5833333,2.6500001,FALSE
33.090908,4.0999999,2.0999999,3.375,3,FALSE
24.75,NA,2,2.9000001,NA,FALSE
51.888889,3.2,1.9,3.3333333,3.1666667,FALSE
30.1,NA,2.0666666,3.5555556,3,FALSE
22,NA,2.5999999,2.7333333,2.4285715,FALSE
45.200001,3,2.24,3.2,2.49,TRUE
41.900002,2.8,2.72,3.2,2.5799999,TRUE
13.857142,2.4375,2.4615386,NA,NA,FALSE
47.5,NA,1.9090909,2,2,TRUE
34.1875,2.9000001,1.8461539,3,NA,TRUE
19.299999,2.2,2.24,3.5,2.49,TRUE
19.31579,2.2857144,2.3913043,3.5,NA,FALSE
21.111111,NA,2,3,2,FALSE
26,NA,2.75,3.8333333,NA,FALSE
23.4,NA,NA,4.3333335,2.6666667,FALSE
21.086956,NA,2.25,2,1.9545455,TRUE
18.285715,NA,2.25,4,NA,TRUE
15.5,NA,2,2.8888888,NA,FALSE
32.099998,2.9000001,2.72,3.5999999,2.49,TRUE
41.200001,NA,1.8181819,3.8,2.2,TRUE
17.285715,3.2222223,2.2727273,3.6666667,2.6666667,FALSE
21.6,2.125,3.1428571,3.7,2.25,FALSE
24.857143,NA,1.875,2.5,NA,TRUE
22.4,3.7142856,2,NA,NA,TRUE
21.200001,NA,2.8181818,3.1428571,2.1666667,FALSE
15,NA,2.125,2.8888888,3,TRUE
22.636364,2.25,2.1666667,2,1.25,TRUE
20.433332,2.6190476,2.4000001,2.8333333,NA,TRUE
24.444445,NA,2.5555556,2.6923077,NA,TRUE
30.636364,NA,2.3846154,4.3000002,NA,FALSE
27.299999,2.8,2.24,2.7,2.49,TRUE
24.833334,NA,2.8,2.625,NA,FALSE
32.92857,NA,2.625,3.8181818,3,FALSE
20.799999,NA,3.0833333,NA,2.9230769,FALSE
29.200001,3.0999999,2.2857144,4.1111112,NA,TRUE
35.400002,NA,1.75,2.5555556,NA,FALSE
22,NA,2.4117646,2.909091,2.1333334,TRUE
31.653847,3.3181818,2,NA,NA,FALSE
27.736841,NA,2.074074,3.1666667,NA,TRUE
32.599998,3.2,2.24,2.9000001,2.49,TRUE
26.90909,2,3.2727273,4.2727275,3.2727273,FALSE
19.799999,NA,2,2.2857144,NA,FALSE
25.1,3,2.3599999,3.4000001,2.6700001,TRUE
26.857143,3.125,2.8181818,NA,NA,FALSE
23.200001,NA,2.7692308,NA,1.6,FALSE
35.555557,3.2941177,2.0833333,3.4210527,NA,TRUE
22.647058,2.7777777,2.9545455,NA,NA,TRUE
32.400002,3,1.9411764,2.3846154,NA,TRUE
17.916666,NA,2.8181818,3.75,NA,FALSE
17.875,3.3,1,NA,2.4285715,TRUE
36.5,NA,1.3076923,NA,2.7777777,TRUE
15,NA,2.125,2.4000001,NA,FALSE
18.450001,2.1500001,2,3.75,2.6700001,TRUE
17.222221,NA,1.4444444,2.5999999,NA,FALSE
15.25,NA,2.0833333,NA,2.8571429,FALSE
24.058823,NA,2.0178571,2.3913043,2.0625,TRUE
25.416666,2.9166667,2.8666666,3.4166667,2.5583334,FALSE
15,1.4444444,2.1818182,3.55,NA,TRUE
26.1,2.7,2.3599999,3.0999999,2.6700001,TRUE
24.789474,2.9333334,1.6363636,NA,NA,TRUE
18.944445,NA,2.4615386,2.8461537,NA,FALSE
32.900002,2.4000001,2.3599999,3.0999999,2.5799999,FALSE
23,NA,2.3333333,2.8888888,NA,FALSE
20.17647,3,2.1818182,2.5999999,2.6666667,FALSE
26.444445,NA,1.1875,1.5,NA,TRUE
16.799999,NA,2.2424242,NA,2.909091,TRUE
23.5,NA,1.8888888,3.25,NA,FALSE
29.111111,1.875,1.5,NA,2.4615386,TRUE
34.142857,NA,NA,3.25,2,TRUE
39.299999,2.5999999,2.5999999,3.7,2.76,TRUE
35,2.8571429,1.5714285,3,2.75,TRUE
30.09091,2.4545455,2,3.8181818,2.8181818,TRUE
15.733334,NA,2.0625,4.090909,NA,TRUE
39.727272,3,2.5454545,3.5454545,2.4363637,TRUE
27.142857,NA,NA,2.7777777,2.6666667,TRUE
20.454546,NA,3.2222223,3.3,NA,FALSE
20.133333,2.7692308,3,3.8181818,NA,FALSE
23.916666,3.8205128,1.962963,NA,NA,FALSE
21.545454,3,1.9166666,2.090909,2,TRUE
24.5,NA,NA,3.8333333,2.0999999,TRUE
16.5,NA,2.0769231,4.181818,NA,FALSE
17.461538,3.0999999,2.25,2,NA,FALSE
33,NA,2.25,3.5,NA,TRUE
53.444443,NA,1.7272727,3.25,2.5,TRUE
19.299999,2.2,2.1199999,3.5,2.5799999,TRUE
19.799999,NA,2.1538463,3.8181818,NA,FALSE
34.700001,3,2.72,3.5999999,2.49,TRUE
22.666666,NA,2.3181818,3.1111112,2.4000001,FALSE
51.900002,3,2.48,3.9000001,2.49,TRUE
24.9,3.8,2.3599999,2.8,2.49,FALSE
36.066666,3.1875,2.8125,3.125,NA,FALSE
27.461538,2.1666667,2.5555556,3.75,NA,FALSE
22,NA,2.1428571,2.5384614,2.4545455,FALSE
20,NA,1.8181819,3.3333333,NA,TRUE
31.4,2.5,2.8399999,2.7,2.6700001,FALSE
18.615385,NA,1.6,2.1111112,NA,FALSE
16.555555,NA,2.8,3.3333333,3.4000001,FALSE
27.299999,NA,2.2222223,NA,2.4166667,FALSE
18.625,NA,2.1111112,2.75,1.1428572,TRUE
3.0833333,3,2.6833334,3.0833333,2.4083333,FALSE
39,NA,1.7272727,3,2.5999999,FALSE
16.875,NA,2.8666666,3.1111112,NA,FALSE
35.5,1.75,2.9000001,3.5,2.375,FALSE
23.444445,2.0999999,3.0999999,3.625,3,FALSE
16.875,NA,2.2727273,3.8333333,NA,FALSE
19.75,2.8,2.5454545,NA,NA,FALSE
35.68,3.1111112,2.1818182,3.0526316,2.3125,TRUE
22.700001,2.2,2.96,3.7,2.6700001,FALSE
29.53125,2.8648648,2.9032259,3.4400001,NA,FALSE
28.142857,2.8571429,2.9000001,2,1.6666666,FALSE
18.285715,NA,2.4000001,2.8571429,NA,FALSE
39.400002,3.4000001,2.3599999,3.4000001,2.76,TRUE
27.285715,3.25,2.6666667,3.1428571,NA,TRUE
21.166666,2.3333333,2.8888888,3,NA,FALSE
23.85,2.9285715,2.2608695,NA,NA,TRUE
23.166666,2.8125,2.5999999,NA,2.4545455,TRUE
30.375,3,2.25,NA,NA,FALSE
18.631578,2.75,1.4,1.7777778,NA,TRUE
28.052631,NA,2.0714285,3,NA,TRUE
20.375,NA,2.25,NA,2.5999999,TRUE
19.625,3,2.1666667,2.75,NA,TRUE
27.363636,2.8,2.25,3.4545455,2.9000001,FALSE
34.909092,2,2,2.7777777,2.6666667,FALSE
26.214285,NA,1.6666666,2.8888888,NA,TRUE
24.5,2.5999999,2.72,3.4000001,2.49,TRUE
19.700001,2.75,2.7777777,3.0999999,2.5714285,FALSE
32.200001,2.2,3.090909,4.3333335,NA,FALSE
35.42857,NA,2.3,2.6363637,2.2,TRUE
19.894737,2.2857144,2.8448277,NA,NA,TRUE
34.5,NA,2.1153846,3.25,NA,TRUE
23.923077,3,2.05,NA,NA,TRUE
21.222221,2.5454545,2.8,3.8333333,NA,FALSE
27.615385,NA,2.6666667,3.5,NA,FALSE
19.31579,2.1333334,2.7894738,NA,NA,FALSE
20.296297,3.28,2.1379311,2.5555556,NA,TRUE
36.736843,4.1578946,1.9375,NA,NA,TRUE
28.9,2.9000001,2.1199999,2.8,2.6700001,TRUE
14.125,NA,2.2571428,3.8399999,NA,FALSE
24.700001,3.3333333,2,3.25,NA,FALSE
19.30303,2.6363637,2.6153846,2.8214285,NA,TRUE
29.384615,NA,1.3333334,3.5,2.375,TRUE
14.904762,1.8235294,2,NA,NA,TRUE
17.615385,NA,1.0909091,1.5,NA,TRUE
42.285713,NA,1.625,2.2857144,2.3333333,TRUE
23,NA,2.5555556,3.5,NA,FALSE
23.277779,NA,2.1538463,4.0588236,NA,FALSE
26.928572,NA,2.2307692,3.3076923,NA,FALSE
22.307692,2.2857144,2.909091,NA,NA,FALSE
23.53125,NA,1.5869565,NA,2.375,FALSE
27.125,NA,3.3,3.1666667,NA,FALSE
28.09091,NA,2.2941177,3.5999999,NA,FALSE
34.950001,NA,1.8541666,2.967742,NA,TRUE
35.225807,NA,1.9655173,3.3888888,NA,TRUE
19.538462,2.909091,3,3.7777777,NA,FALSE
17.299999,2.75,2.75,NA,NA,FALSE
34.272728,3,2.5454545,3.9230769,2.8,TRUE
18.90909,NA,2.3076923,2.75,NA,FALSE
22.238094,NA,3.090909,NA,2.1176472,FALSE
27.299999,NA,2,4.1999998,NA,TRUE
22.200001,NA,2.8333333,3.8571429,NA,FALSE
23.333334,2.8888888,2.2142856,NA,NA,TRUE
42.900002,3.2,2.3599999,3.4000001,2.8499999,FALSE
19.333334,NA,2.3599999,2.5,NA,TRUE
46.900002,3.3,2.24,3.4000001,2.6700001,TRUE
24.9,3,2.48,3.2,2.6700001,FALSE
28.82353,2.5,2.6956522,3.1818182,NA,FALSE
21.142857,2.1428571,3.375,3.4444444,NA,FALSE
44.599998,3.4166667,2.2857144,3.7142856,NA,FALSE
24.416666,2.3333333,2.4166667,4.0833335,3.1666667,TRUE
29.799999,2.8,2.4444444,3.4000001,2.8888888,TRUE
24.700001,2,2.4444444,3.5999999,1.8888888,TRUE
19.4,2.6666667,2.5,3.1333334,NA,FALSE
24.571428,2.2857144,1.9,2.8571429,NA,TRUE
46.900002,2.9000001,2.24,3.3,2.76,TRUE
22.666666,2.4000001,2.25,4,2.25,TRUE
50.222221,2.125,2.3333333,3.125,NA,FALSE
28.6,3.5,2.48,2.8,2.6700001,TRUE
23.5,2.3,2.1199999,3.3,2.49,TRUE
28.507463,NA,1.6554054,2.5471699,NA,TRUE
26.285715,2.7142856,2.6153846,4.1999998,2.8888888,TRUE
25,2.6666667,2.1111112,3.5,NA,FALSE
37.900002,3.3,2.3599999,3.7,2.5799999,TRUE
19.625,NA,2.7142856,3.7777777,2.2,TRUE
34.785713,NA,1.8461539,2.625,NA,TRUE
23.200001,NA,2.4375,4,NA,TRUE
45.875,NA,2.7272727,NA,2.875,FALSE
26,2.5,2.3599999,3.5,2.8499999,FALSE
18.09091,3.4000001,2.6470587,3.9411764,NA,FALSE
30.869566,NA,1.862069,3.3181818,2.72,TRUE
22.388889,NA,1.9375,3.2,NA,FALSE
32.913044,NA,NA,3.8214285,2.6666667,FALSE
28.799999,2.4000001,2.3599999,3.5999999,2.76,FALSE
15.9,2.2,2.48,3.3,2.76,FALSE
29.285715,NA,2,2.25,NA,FALSE
23.818182,3,2.4000001,3.2,2.5,FALSE
20,2.3,2.48,3.5999999,2.9400001,TRUE
35.5,2.8,2.72,3.9000001,2.76,TRUE
36.700001,2.0999999,2,3.0999999,2.5799999,TRUE
28.714285,2.6666667,1.6153846,1.9333333,NA,TRUE
21.142857,3.6428571,1.8421053,NA,NA,FALSE
29,2.5,2.8399999,3.5999999,2.8499999,FALSE
20.818182,2.9000001,2.4285715,3.9000001,3,FALSE
45.799999,3.8,2.1199999,3.2,2.49,TRUE
21.6,2.4000001,2.72,3.0999999,2.76,FALSE
19.857143,NA,2.25,2,NA,FALSE
23.615385,NA,2.0999999,2,NA,FALSE
29.771429,NA,2.6857142,2.8,NA,FALSE
23.6,3,2.5999999,3.7,2.9400001,FALSE
22.799999,NA,2.8571429,3,2.3333333,FALSE
41.5,2.8,2.24,4,2.5799999,TRUE
25.767857,2.4166667,2.9903846,3.3970587,2.3653846,FALSE
27.799999,2.9000001,2.5999999,3.4000001,2.5799999,FALSE
31.125,NA,1.8888888,3.25,NA,TRUE
18.533333,NA,2.8,3.5263157,NA,FALSE
24.75,2.25,2.5833333,3.9166667,3.1666667,FALSE
23.642857,NA,2.8888888,3.5,NA,FALSE
31.222221,2,1.7,4,NA,TRUE
27.6,2.9000001,2.3599999,3.4000001,2.49,TRUE
23,NA,2.4000001,2.625,2.1428571,FALSE
39.700001,3.9000001,2,3.5,2.8499999,TRUE
30.416666,NA,1.825,3.2727273,NA,TRUE
26.166666,NA,2.909091,2.8333333,NA,FALSE
28.1,NA,2.6153846,NA,2.75,TRUE
27.200001,3.8666666,1.8888888,1.5,NA,TRUE
19.5625,NA,2.2631578,3.4545455,NA,FALSE
17,NA,2.1333334,3.7333333,NA,FALSE
38.777779,NA,1.5454545,3.5,NA,FALSE
21.846153,NA,2.5,2.75,NA,TRUE
43.900002,2.9000001,2.24,3.0999999,2.76,FALSE
37.363636,2.4545455,1.8181819,3.3636363,2.4545455,TRUE
19.272728,2.5,2.8333333,3.5999999,NA,TRUE
26.772728,NA,2.3800001,3.05,2.5294118,FALSE
20.846153,2.9230769,2.3157895,3.6956522,NA,FALSE
24.15,2.5263157,3.3499999,2.5833333,NA,FALSE
17.333334,NA,1.4285715,2.875,NA,FALSE
16.529411,NA,2.25,NA,2.2,TRUE
34.099998,3.6666667,2.0999999,3.6363637,2.9000001,TRUE
34.299999,2.9000001,2.48,3.5,2.6700001,TRUE
30.5,NA,1.7222222,3.9230769,NA,FALSE
18.454546,2.5,3.1428571,3.4545455,NA,FALSE
30.363636,3,2.1666667,3.909091,2.8181818,TRUE
23.666666,4,2.0769231,3.4000001,NA,FALSE
27.299999,3.125,2.4444444,3.8,3.375,FALSE
23.6,2.9000001,2,3.2,2.76,TRUE
22.083334,3.4285715,2.0769231,3.8,NA,FALSE
27.1,2.9000001,2.48,3.3,2.6700001,TRUE
18.666666,2.9375,2.0454545,NA,NA,FALSE
27.90909,2.6666667,2.0833333,NA,NA,TRUE
24.09091,2.2,2.4444444,3.4000001,2.5555556,FALSE
21.5,NA,2.4411764,3.6666667,NA,TRUE
36.058823,3.3636363,2.3157895,NA,NA,FALSE
30.5,2.7777777,2.3333333,4.1111112,3,FALSE
28.6,2.0714285,1.5625,2.5714285,NA,TRUE
20.164179,3.0701754,2.6117647,2.8125,NA,FALSE
35,NA,2.4285715,3.7142856,2.5714285,TRUE
16.071428,4.4901962,1.6590909,2.0416667,NA,TRUE
18.166666,NA,2.2222223,3.1111112,2.25,TRUE
20.076923,2.7,2.7058823,3.6666667,2.1176472,FALSE
30.4,2.9000001,2.3599999,3.3,2.49,TRUE
20.166666,NA,3,3.7142856,NA,TRUE
25.5,2.9000001,2.5999999,3.0999999,2.5799999,FALSE
46.099998,3.5999999,2.24,3.4000001,2.8499999,TRUE
18.700001,2.5999999,3.5,NA,NA,FALSE
19.666666,NA,2.4545455,3.3636363,2.7,FALSE
27.555555,3.4285715,NA,NA,2.4444444,FALSE
50.105263,4.3333335,1.7142857,2.6363637,NA,FALSE
21.454546,NA,2.5833333,NA,1.5714285,FALSE
24.25,3.3333333,2.090909,NA,NA,FALSE
43,NA,1.8,3.7272727,NA,TRUE
20.888889,NA,1.5384616,3.1666667,2.9000001,FALSE
31.700001,3.0999999,2.5999999,3.8,2.8499999,TRUE
24.5,2.8,2.8399999,3.8,2.9400001,FALSE
26.200001,2.7,2.48,3.5999999,2.76,FALSE
24.4,NA,1.8666667,3,2.25,TRUE
48.625,NA,NA,3.625,2.5454545,TRUE
18.75,3.2142856,1.7857143,3.25,NA,FALSE
22,2.5454545,3,3.6666667,2.625,FALSE
24.785715,2.3333333,2.9411764,4,NA,FALSE
20.222221,NA,2.7777777,4,NA,FALSE
17.6,2.5,2.2727273,NA,NA,FALSE
26.655172,NA,2,NA,3,FALSE
22.157894,NA,2.1176472,2.5333333,2.3636363,TRUE
23.9,3.2857144,2.4285715,2.5,NA,TRUE
16,NA,2.5,2.375,NA,FALSE
26.700001,2.4000001,2,3.5,2.76,FALSE
26.25,3.090909,2.25,NA,NA,TRUE
21.333334,2.75,2.5714285,2.3333333,NA,FALSE
19.799999,NA,3.2,4.0714288,2.9583333,FALSE
30.266666,NA,1.7857143,NA,2.75,TRUE
15.75,4,2.0999999,2.1428571,NA,TRUE
21.799999,NA,2,NA,3,FALSE
31.666666,2.8461537,2.5263157,3,NA,FALSE
35.388889,2.3571429,2.3529413,NA,NA,FALSE
31.333334,NA,2.2631578,3.2352941,NA,FALSE
26.299999,2.4000001,2,3.4000001,2.49,TRUE
21.333334,NA,2.6666667,2.9791667,NA,FALSE
25.785715,NA,2.7894738,NA,2.4000001,TRUE
18.428572,2.1196582,2.0789473,NA,NA,TRUE
22.411764,NA,2.9411764,NA,2.3,FALSE
20.59091,2.8,2.5416667,3.7894738,NA,TRUE
30.9375,NA,2.5,3.2222223,2.75,TRUE
21.692308,NA,2.1538463,2.7272727,NA,FALSE
23,NA,NA,1.9523809,2.0769231,TRUE
22.888889,NA,1.8333334,2,NA,FALSE
15.666667,1.6666666,3,2.25,1.5454545,FALSE
24.941177,2.9333334,2.75,4.0588236,NA,FALSE
17.125,2.375,2.1428571,3.5625,NA,FALSE
20.76923,2.4285715,3.125,4,NA,FALSE
43.700001,3.5,2.24,3.4000001,2.8499999,TRUE
17.200001,2.875,2.4444444,NA,NA,FALSE
23.727272,2.3636363,2.8727272,3.3636363,2.7818182,FALSE
28,3.3076923,2,2.1538463,NA,FALSE
22.200001,2.5999999,2.72,3,2.4000001,FALSE
26.700001,NA,2.4736843,3.4545455,3.1538463,FALSE
37.099998,NA,2,3.75,NA,TRUE
25.76923,NA,2.9000001,3.5714285,NA,FALSE
18.942308,2.0816326,3.3404255,3.0882354,2.45,FALSE
31.1,3.8,2,3.7,2.76,TRUE
47.636364,1.75,1.875,3.2727273,NA,FALSE
26.1,2.0999999,2.3599999,3.2,2.6700001,FALSE
22.5,2.1666667,2.5833333,3.2,1,TRUE
23.736841,2.7333333,2.6818182,NA,NA,FALSE
29.6,4,1.7,2.7777777,NA,TRUE
20.5,NA,1.7,2.2,NA,TRUE
19.111111,NA,NA,2.6666667,2.1111112,FALSE
20.222221,3.0769231,2.4166667,3.375,NA,TRUE
25.333334,NA,2.7,3.6875,3.1666667,FALSE
42.875,3.1428571,2,NA,2.875,TRUE
16.545454,3.1818182,2.4363637,3.4545455,2.7454545,TRUE
29,4,2.24,4.0999999,3.03,FALSE
33.142857,NA,1.9166666,3.5,2.9230769,FALSE
18.0625,2.375,2.375,2.2333333,NA,TRUE
31,3.590909,2.4210527,3.4545455,NA,FALSE
24.69697,2.0714285,2.9729729,NA,NA,FALSE
1,NA,3.5789473,3.7647059,3.7692308,TRUE
27.5625,2,NA,3.2307692,NA,FALSE
23.299999,2.2857144,3.0833333,3.5999999,NA,FALSE
22.5,NA,2.6153846,3.0999999,NA,FALSE
17.666666,NA,2.0833333,3.375,NA,FALSE
23.700001,2.0999999,2.8399999,3.5,3.1199999,FALSE
23.454546,NA,3.0714285,3.1538463,NA,FALSE
23.884615,2.5789473,1.8846154,3.8235295,NA,TRUE
42.875,NA,1.9090909,1.5,1,TRUE
22,3.3636363,1.8235294,1.3333334,NA,TRUE
34.8125,NA,NA,3.5833333,3,FALSE
28.733334,NA,2.7272727,3.5,2.9166667,FALSE
23.9,2.8,2.3599999,3.4000001,2.5799999,TRUE
27.428572,3.5333333,2.25,NA,NA,TRUE
25.333334,NA,2,3.7777777,2.1111112,TRUE
20.700001,2.5,2.9000001,4,2.9000001,FALSE
18,NA,2.0526316,NA,1.6315789,TRUE
25.799999,NA,2.5555556,2.375,NA,TRUE
21,NA,1.7777778,2.3333333,NA,FALSE
30.636364,3.7272727,2.1090908,3.6363637,2.8636363,TRUE
22,NA,2.8800001,3.2631578,2.2777777,FALSE
41.599998,3.0999999,2.3599999,3.5999999,2.76,TRUE
30.1,NA,2.1428571,3.4000001,NA,TRUE
22,2.7,2.24,2.9000001,2.49,TRUE
31.888889,NA,2.5454545,3.5999999,NA,FALSE
26.789474,2.2173913,NA,2.6153846,NA,FALSE
23.25,NA,2.625,2.5,NA,TRUE
21,4.4000001,1.625,1.8333334,NA,FALSE
19.363636,3.7647059,1.9230769,NA,3.090909,FALSE
28,2.2,2.1666667,3.4285715,NA,TRUE
20,NA,2.5789473,3.5,3,FALSE
16.666666,NA,2.5454545,3.5,NA,FALSE
22.333334,3.1111112,2.8125,3.4615386,NA,FALSE
43.533333,2.4705882,1.7692307,2.8125,NA,TRUE
25.200001,2.0999999,2.48,3.7,2.6700001,FALSE
22.5,3.25,2.3157895,NA,NA,FALSE
30,3.6363637,1.5454545,3,2.7272727,FALSE
24.09091,NA,2.3076923,2.8181818,NA,TRUE
18.888889,NA,2.25,2.8571429,NA,TRUE
30,NA,2.9230769,4.1428571,NA,FALSE
36.599998,3.5,2,3.0999999,2.49,TRUE
23.777779,NA,2.2,2.6666667,2.4444444,TRUE
28.777779,NA,2.090909,2.7142856,2.1666667,TRUE
30.4,3.8,2.1199999,3.3,2.76,TRUE
28.25,3,2,2.4285715,NA,FALSE
23.363636,NA,2,3.5,2.3636363,TRUE
28.34,NA,2,3,NA,FALSE
29.444445,NA,2,2.6666667,1.625,TRUE
17,3.1111112,1.8888888,NA,NA,FALSE
23.357143,2.1666667,2.25,NA,NA,FALSE
36.799999,2.3,2.24,3.9000001,2.76,TRUE
29.166666,NA,2.5714285,3.4375,NA,FALSE
28.9,3.25,2.375,NA,NA,FALSE
36,NA,2.2,3.625,NA,FALSE
61.5,3.0999999,2.24,3.4000001,2.9400001,TRUE
26.200001,NA,3.0833333,3.5999999,3.125,FALSE
24.666666,NA,1.8,NA,2.4000001,FALSE
32.705883,NA,1.6428572,3,3,TRUE
26.181818,2.909091,2.6363637,3.8181818,3.0272727,TRUE
36.400002,2.4000001,2.8399999,3.3,2.6700001,FALSE
26.799999,3.2,2.72,3.7,2.9400001,FALSE
18.214285,2,2.5,NA,NA,FALSE
23.476191,NA,2.9069767,3.3888888,2.53125,FALSE
27.25,2.3,2.6666667,3.2222223,2.875,FALSE
18.166666,NA,2.3333333,3.0833333,NA,FALSE
21.5,NA,1.7142857,NA,1.7142857,TRUE
27,3,2.72,3.3,2.5799999,TRUE
23.4,1.9,2.72,3.5,2.76,FALSE
24.6,2.8,2.48,3.2,2.49,FALSE
32.42857,NA,2.8461537,3.7777777,3.0769231,TRUE
27.6,2.9000001,2.48,3.3,2.6700001,FALSE
29.722221,NA,2.1500001,3.2,NA,TRUE
25.75,3.1875,2.6086957,2.8571429,NA,FALSE
37.099998,3.0999999,2.24,2.9000001,2.4000001,TRUE
27.299999,2.4000001,3.4000001,4,3,FALSE
28.833334,4.0666666,2.3333333,3,NA,FALSE
22.200001,2.5555556,2.375,4,2.8,TRUE
26.384615,2.9615386,2.3870969,3.3913043,NA,TRUE
38.599998,3,2.0714285,NA,2,TRUE
32.923077,NA,1.75,3.0833333,NA,TRUE
19.6,NA,2.1428571,2.5714285,2.2222223,FALSE
22.454546,2.5454545,3.1818182,2.4545455,2.4545455,FALSE
28.454546,2.4166667,1.75,NA,NA,FALSE
28,NA,2.5789473,2.5833333,NA,FALSE
22.555555,NA,1.9,NA,2.7272727,FALSE
25.142857,NA,2.4130435,2.8888888,3,FALSE
23.045454,1.6111112,2.95,3.0714285,NA,FALSE
30.1,3.0999999,2.72,3.8,2.49,TRUE
23.083334,NA,2.6153846,3.5,2.8333333,FALSE
23.76923,3.3888888,2,2.6666667,NA,FALSE
30.727272,1.9090909,2.5,3.2727273,2.5,FALSE
52.111111,NA,2.4285715,3.6363637,2.5,TRUE
29.700001,NA,NA,3.25,2.2222223,TRUE
21.882353,2.3076923,1.7777778,2.5555556,NA,TRUE
22.125,NA,2.6666667,NA,2.7272727,TRUE
28.592592,3.5,2.5384614,3.1304348,NA,FALSE
23.5,NA,2.4545455,3.48,2.5714285,TRUE
20.5,3,2.1428571,2.4000001,2.2,FALSE
28.285715,NA,1.8461539,2.8,NA,TRUE
28.59091,NA,2.2,3.4000001,NA,FALSE
18.916666,2.1666667,2.4285715,3.2857144,NA,FALSE
31,1.75,2.375,2.7,NA,FALSE
46.8125,NA,2,2.625,2.5384614,FALSE
26.444445,NA,1.9,4,3.0666666,TRUE
17.333334,NA,3,3.2142856,NA,FALSE
29.299999,3,2.5999999,3.4000001,2.5799999,TRUE
25,2.5454545,2,3.2727273,2.8,TRUE
26.545454,3.909091,2.2181818,3.090909,2.5272727,FALSE
24.350878,NA,2.3888888,3.2285714,NA,FALSE
34.285713,NA,NA,2.4736843,2.4705882,TRUE
22.958334,NA,2.0454545,2.1428571,NA,TRUE
34.299999,3.0999999,2.1199999,3.3,2.5799999,TRUE
21.181818,2,2.9000001,NA,NA,FALSE
25.9375,2.6666667,2.8571429,3.7272727,NA,FALSE
19.5,NA,2.4166667,3.7142856,NA,FALSE
18.200001,NA,2.5454545,4.0625,3,FALSE
24.6,3.8461537,2.4166667,NA,NA,FALSE
32.684212,2.6470587,2.8823528,3.6923077,NA,FALSE
38.692307,NA,2.2941177,3.1111112,2.7777777,FALSE
32.42857,3.2,1.7857143,2.1538463,NA,FALSE
24.6,3.8333333,2.2222223,2.8,NA,TRUE
21.200001,2.9000001,2.96,3.5,2.76,FALSE
16.615385,NA,1.8888888,3.0833333,NA,TRUE
25.333334,3,1.8461539,3.5555556,NA,TRUE
18.625,NA,2.7692308,2.6153846,2.4615386,TRUE
23.555555,NA,1.875,2,1.7142857,TRUE
20.25,NA,2.6666667,2.7777777,NA,TRUE
24.799999,3,2.2142856,3.25,NA,FALSE
28.700001,3.4000001,2.72,3.2,2.6700001,FALSE
23,2.4545455,2.6956522,2,NA,FALSE
29.583334,2.8333333,2.0166667,2.9166667,2.325,TRUE
22.142857,NA,2.4444444,2.2,1.6,FALSE
25.4,2.4000001,3.0799999,3.0999999,2.6700001,FALSE
25.799999,2.2,2.24,3.5999999,2.49,TRUE
29.700001,2.75,2.3333333,4,NA,FALSE
29.6,NA,2.75,NA,3,FALSE
31.9375,2.9230769,2.0555556,3,NA,FALSE
23.333334,NA,2.8461537,2.9230769,2.7307692,FALSE
26.200001,2.5,2.24,2.3,2.49,TRUE
36.75,3.5999999,1.8181819,3.2222223,2.5,TRUE
20.318182,2.2631578,3.1071429,NA,NA,FALSE
41.5,3.3,2.3599999,3.9000001,2.76,TRUE
12,NA,2.1428571,3.3,2.2857144,FALSE
22.25,3.5625,2.0999999,3.7142856,NA,FALSE
30.333334,3,2.0769231,2.75,NA,FALSE
17.299999,NA,2.625,2.9230769,NA,TRUE
27,2.625,2.3703704,2.8499999,NA,FALSE
50.25,3.7272727,1.8181819,4,2.9000001,TRUE
29.625,NA,2.5263157,3.6923077,2.7777777,TRUE
26.333334,NA,1.7857143,2,NA,FALSE
20.413794,2.3461537,2.652174,3.0526316,NA,FALSE
38.090908,3.0999999,2.4545455,4.090909,2.909091,FALSE
22.9,NA,2.8461537,3,NA,FALSE
31.705883,2.1904762,2.6896551,3.7142856,NA,FALSE
19.90909,3.1666667,2.2307692,3.9230769,3.2857144,FALSE
18,NA,1.875,3.625,NA,FALSE
5.6999998,NA,3.4444444,4,NA,TRUE
20.272728,2.75,2.3333333,NA,NA,FALSE
31.1,2.8,2.3599999,3.0999999,2.4000001,FALSE
33.299999,2.3,2.24,3.9000001,2.8499999,FALSE
2.4666667,NA,3.4705882,2.7,NA,FALSE
18.571428,NA,3,3.7142856,2.6666667,FALSE
17.454546,NA,3.090909,NA,2.625,FALSE
21.571428,NA,2.0454545,2.0999999,NA,TRUE
13.857142,2,1.5454545,NA,NA,FALSE
24.666666,3.5,2.75,3.7777777,3.1428571,FALSE
29.866667,NA,2.6666667,3.1666667,NA,TRUE
17,NA,2.6666667,3.25,2.8333333,TRUE
38.299999,4.6428571,1.6,3.25,NA,TRUE
27.285715,NA,2.5384614,3.75,NA,TRUE
19.75,NA,2.3,3.4545455,NA,TRUE
28.6,2.7,2.72,3.2,2.4000001,FALSE
36.299999,3.5999999,2.5,3.75,3.1111112,TRUE
41.666668,NA,1.9090909,3,NA,FALSE
19,NA,3.0999999,3,NA,FALSE
29.716049,2.6140351,2.7972972,3.5384614,NA,FALSE
21.818182,3.5714285,3.6153846,3.6666667,NA,FALSE
26.083334,NA,2.8,3.0714285,NA,TRUE
29.428572,NA,2.5625,3.3636363,NA,FALSE
28.181818,3.8888888,2.1818182,3.090909,NA,FALSE
31.200001,3,2.1111112,4.1428571,NA,TRUE
25.153847,NA,2.5,4,NA,FALSE
20.9,NA,2.5,2.8571429,NA,TRUE
49.064518,3.5,2.074074,3.5,NA,FALSE
23.666666,NA,2.6666667,2.8571429,NA,FALSE
44.57143,NA,1.9166666,2.3333333,NA,TRUE
13.416667,NA,1.6666666,3,2.8333333,TRUE
25.1,NA,2.0476191,3.95,NA,TRUE
21.818182,2.625,2.2727273,2.3333333,NA,FALSE
21.8125,NA,1.9473684,NA,2.7,FALSE
35,3.8888888,2,3.3333333,2.7777777,FALSE
19.888889,NA,2.3499999,2.4705882,NA,TRUE
23,1.8,2.1199999,3.7,2.49,TRUE
19.538462,2.2857144,3.5625,3.7857144,NA,FALSE
31.111111,4.2857141,1.8888888,3.2727273,NA,FALSE
22.25,NA,2.375,3.9166667,NA,FALSE
26.545454,2.5454545,2.4181819,3.1818182,2.5454545,TRUE
21.133333,2.9230769,2.7,2.7777777,NA,FALSE
41.636364,4.375,1.6,3.125,NA,FALSE
22.4,2,2.24,3.8,2.8499999,TRUE
20.200001,3.2,2.1199999,3.0999999,2.76,TRUE
43.307693,NA,2.3333333,3.25,NA,TRUE
29.9,2.9000001,2.48,4.1999998,2.8499999,TRUE
22.923077,NA,3.0833333,NA,2.9000001,FALSE
30.299999,2.5999999,2.72,3.9000001,2.6700001,TRUE
20.454546,NA,2.4166667,3.6666667,NA,FALSE
34.5,2.7,2.5999999,3.5,2.8499999,FALSE
20.16,NA,1.8695652,4.0714288,2.8636363,TRUE
27.403847,NA,3.0967741,NA,2.3703704,FALSE
21.263159,NA,2.2777777,2.0769231,NA,TRUE
20.700001,1.8,2.5999999,3.5,2.5999999,FALSE
26.5,2.4000001,2.7272727,3.4545455,2.6363637,FALSE
28.416666,2.909091,2,3.5454545,2.6363637,TRUE
30.058823,3.5714285,2.0344827,3.4000001,NA,FALSE
18.125,2.75,1.7272727,1.875,NA,FALSE
25.299999,2.5,2.8399999,3.0999999,2.6700001,FALSE
17.375,NA,2.8,3.5,2.6666667,FALSE
25,3.8181818,2.3272727,3.4545455,2.5363636,TRUE
24.083334,NA,2.5333333,4,3.25,FALSE
26.5,4.2222223,1.75,NA,NA,FALSE
22.5625,NA,2.75,NA,1.4,FALSE
30.083334,NA,2.5625,3,NA,FALSE
26.583334,NA,2.483871,3.3913043,NA,TRUE
26.25,NA,2,2.6666667,2.25,FALSE
31,2.7,2.72,3.4000001,2.49,TRUE
18.200001,3.090909,2.5833333,4.125,NA,FALSE
25.799999,2.8,2.5999999,2.9000001,2.4000001,FALSE
30,3,1.7857143,NA,NA,TRUE
26.923077,2.4666667,3.0555556,3.2727273,NA,FALSE
28.5,3.5,2.24,3,2.5799999,FALSE
17.964285,NA,1.6491228,2.974359,2.2765958,TRUE
24.09091,NA,2.4444444,2.1428571,1.375,TRUE
20.545454,2.625,2.5,2,1.2,FALSE
12.363636,2.0833333,1.9333333,3.8571429,2.4000001,TRUE
29.1,2.5,2.3599999,3.5,2.49,TRUE
26.299999,NA,1.9285715,3.0999999,NA,FALSE
35.583332,2.7,2.75,3.5833333,NA,FALSE
27,3.0999999,2,2.9000001,2.4000001,TRUE
25.700001,2.8888888,2.909091,3.5555556,2.7,FALSE
21.142857,1.7272727,2.75,NA,NA,FALSE
27.76923,1.4166666,2.5,NA,NA,FALSE
22.222221,NA,2.6315789,2.2307692,NA,FALSE
20.75,NA,1.8225807,3.28,NA,TRUE
38.700001,2.7,3.2,3.8,3.21,FALSE
28.5,NA,2,NA,2.48,TRUE
46.400002,NA,1.9411764,NA,2.9375,FALSE
24.75,3.2222223,2.6666667,4,3.1428571,FALSE
26.411764,NA,2.7307692,3.5555556,NA,TRUE
20.625,NA,1.5,3.3333333,2.6666667,FALSE
28,NA,2,NA,2.5999999,TRUE
29.799999,NA,2.2592592,2.7692308,NA,TRUE
26.285715,3.3333333,1.7307693,NA,NA,FALSE
19.727272,NA,2.6363637,3,1.7272727,TRUE
30.200001,2.8,2.48,3.8,2.8499999,FALSE
47.200001,3.2,2.24,3.5,3.1199999,FALSE
24.6,2.0999999,2.96,3.3,2.49,FALSE
16,NA,2.0833333,1.75,1.6666666,FALSE
19.3125,1.2142857,2.5999999,NA,2.3,FALSE
31,2.8,2.8399999,3.2,2.5799999,TRUE
27.484848,NA,2.6333334,NA,2.0869565,FALSE
36.923077,2.9333334,2.5555556,3.2857144,NA,TRUE
43.799999,3.7,2.24,3.5999999,2.8499999,FALSE
23.875,2.0999999,2.8,NA,NA,FALSE
32,2.6666667,1.8,3.2,1.875,TRUE
19.17647,NA,1.7142857,NA,2.4000001,FALSE
32.5,4.1999998,2.48,3.7,2.9400001,FALSE
36.666668,NA,1.7916666,NA,2,TRUE
43.846153,2.25,1.5,NA,NA,TRUE
22.75,2.5999999,1.7647059,2.875,NA,FALSE
30.5,2.9000001,2.5999999,3.3,2.5799999,FALSE
21.5,2.5,2.5384614,2.8888888,NA,TRUE
26.1,2.9000001,2.8399999,3.0999999,2.6700001,TRUE
23.055555,NA,1.939394,1.925926,NA,FALSE
49.789474,3.3846154,2,3.875,NA,FALSE
27.1,2.8,2.1199999,3.7,2.6700001,TRUE
15.222222,2.1428571,1.7,1.6666666,NA,FALSE
24.73077,2.875,1.6956521,2.9285715,NA,FALSE
27.59091,3,2.125,2.3846154,NA,TRUE
35.875,NA,1.6,3.2857144,NA,FALSE
35.080002,2,2.4583333,NA,2.6470587,FALSE
21.777779,NA,2.8333333,3.3333333,NA,FALSE
23.25,1.75,2.875,3.5,3,FALSE
40.083332,2.7272727,2.4545455,4.1666665,2.909091,TRUE
33.833332,NA,2,2.1428571,NA,FALSE
27.307692,3.3076923,2.25,2.4545455,NA,FALSE
27.9,2.4000001,2.96,3.9000001,2.9400001,FALSE
43.5,2.8499999,1.8695652,3.6363637,NA,FALSE
28.818182,NA,1.6666666,NA,3.2,FALSE
21.799999,NA,NA,3.8333333,3,TRUE
28.888889,NA,2.4285715,2.8571429,3,FALSE
41.416668,NA,1.9375,4,NA,FALSE
27.200001,3.5999999,2.3599999,3.3,2.76,FALSE
34.400002,2.5,2.1199999,2.8,2.4000001,TRUE
22.299999,3,2.3,2.6666667,2.090909,TRUE
55.5,2.3,2,3.4000001,2.8499999,TRUE
20.733334,3.5,2,NA,NA,FALSE
28.5,3.5,2.5,3.2222223,2.4444444,TRUE
33.5,3.1428571,2.375,2.5,2.4444444,FALSE
30,3.4000001,2.2,3.25,2.4444444,FALSE
20.16,4.1764708,1.8823529,3.1666667,NA,FALSE
19.787878,2.55,1.9615384,NA,NA,TRUE
25.727272,2.5999999,2.7,4.1666665,NA,FALSE
22.714285,1.7,2.7,3.75,NA,FALSE
26.4,2.2,2.3599999,3.7,2.6700001,FALSE
26.142857,NA,2.5555556,3.6666667,2.7777777,FALSE
17.375,NA,2.6666667,1.8333334,2,FALSE
17.153847,NA,2.4166667,3.25,NA,TRUE
43.470589,NA,2.05,3.5833333,NA,TRUE
25.071428,2.5,2.7,2.4444444,NA,FALSE
32.846153,3.75,2.5,NA,NA,FALSE
33.052631,2.3333333,1.7142857,NA,NA,FALSE
18.142857,NA,2.1111112,3.3333333,2.5,TRUE
39.294117,NA,NA,1.8,2.3076923,TRUE
26.555555,NA,2.875,3.2,2,FALSE
35.200001,3.8333333,1.5714285,2.5555556,NA,FALSE
28,2.0714285,2.5,3.3076923,NA,FALSE
40.5,NA,2.090909,3.5714285,1.9,TRUE
26.571428,NA,3,3.4000001,NA,TRUE
35.933334,NA,2.3636363,3.8,NA,FALSE
30.772728,NA,2.1111112,3.4000001,NA,TRUE
16.5,NA,1.4615384,2.7777777,NA,FALSE
20.428572,2.9000001,2.5,3,NA,FALSE
21.923077,NA,2.7647059,3.8,NA,FALSE
28.28125,NA,2.516129,3.7083333,NA,FALSE
55.900002,2.8,2.24,3.5999999,2.5799999,TRUE
31.083334,4.1538463,1.2857143,2.8,NA,FALSE
72,2.5999999,2,2.3636363,NA,TRUE
24.285715,2.6666667,2.7272727,4,NA,FALSE
19,2,1.75,NA,NA,TRUE
21.85,2.45,2.6600001,3.05,2.49,FALSE
23.454546,NA,2.5714285,1.7857143,NA,TRUE
29.5,3.4444444,2.5,3.7777777,2.7,TRUE
25,NA,3,3,2.5555556,FALSE
47,NA,1.8,2.8888888,2.8181818,FALSE
28.177778,2.377193,NA,2.4594595,1.5714285,TRUE
31.857143,NA,2.0999999,3.25,NA,TRUE
22.799999,2.8,2.96,3.5999999,2.5799999,FALSE
28.727272,2.5833333,2.8181818,3.3333333,2.7272727,FALSE
23.523809,NA,3.375,NA,2.7777777,FALSE
33.5,3.0833333,1.9166666,3.6666667,2.4833333,TRUE
30.6,3.3,2.3599999,3.2,2.5799999,TRUE
21.833334,3,2.9166667,3.5,NA,FALSE
23.799999,2.8,2.5999999,2.9000001,2.5799999,TRUE
28.105263,NA,1.9,1.9230769,NA,FALSE
38.826088,NA,2.5,3.5555556,NA,FALSE
28.766666,NA,2.7179487,3.875,NA,FALSE
45.875,4.1999998,1.8181819,2.5555556,2.7777777,TRUE
22.200001,NA,1.8947369,2.6666667,NA,TRUE
15.166667,NA,2.5,3.7777777,NA,FALSE
26.454546,2.909091,2.1818182,3.2727273,2.4545455,TRUE
46.866665,NA,NA,3.4000001,2.5454545,TRUE
20.09091,2.8181818,2.5555556,3.3636363,3.1111112,FALSE
20.625,NA,2.1666667,NA,2.1666667,TRUE
35.200001,NA,2,NA,1.8181819,TRUE
29,2.4166667,2.5,NA,2.3333333,FALSE
21.555555,NA,2.5,2.4000001,NA,FALSE
16.272728,2,2.0181818,2.8181818,2.4454546,TRUE
30.066668,2.5555556,2.2,3.2307692,NA,FALSE
39.125,NA,1.875,2,1.8,TRUE
39.333332,NA,1.3333334,2,NA,TRUE
24.4,3,2.24,3.2,2.5799999,TRUE
19.666666,2.1142857,3.25,2.875,NA,FALSE
26.4,NA,3.090909,2.8333333,NA,FALSE
29.90909,3,2.4375,3.6666667,NA,TRUE
28.166666,2.4444444,2.4444444,NA,NA,FALSE
51.588234,NA,1.5,3.5999999,NA,FALSE
23,2.7,2.1199999,3.2,2.49,TRUE
25.5,NA,1.9090909,NA,2.3333333,TRUE
17.529411,NA,2.9166667,2.7,NA,TRUE
25.363636,NA,2.2941177,4.625,2.5,TRUE
23.272728,2.75,2.8461537,3.090909,NA,FALSE
24.833334,NA,1.8571428,3.1111112,NA,TRUE
32.46154,NA,1.7857143,2.7272727,NA,TRUE
20.416666,2.6153846,2,NA,NA,FALSE
19.375,NA,2.5,4.2352943,NA,FALSE
24.052631,NA,2.3529413,3,NA,TRUE
37.727272,4.1428571,1.9333333,3.125,NA,TRUE
25.166666,2.5,2.3,3.1666667,NA,FALSE
40.285713,NA,1.6666666,2.125,2.5,FALSE
25.700001,2.5999999,2.48,3.4000001,2.5799999,FALSE
20.416666,NA,1.6428572,2.3333333,NA,TRUE
16,2.8571429,2.5454545,NA,NA,FALSE
33.599998,3.0999999,2.1800001,2.95,2.4449999,TRUE
21,3.375,2.8888888,3,2,FALSE
28,2.75,3,2.5999999,NA,FALSE
23,NA,2.1428571,2.8888888,1.6153846,TRUE
24.25,NA,2.75,3.2,2.2857144,FALSE
28.833334,NA,2.6363637,4,3.2,FALSE
24.75,NA,2.2222223,NA,2.5999999,TRUE
24.173914,NA,1.6521739,NA,2.4166667,TRUE
23.214285,NA,3.1428571,3.75,NA,FALSE
23.461538,4.1111112,1.5714285,3.375,NA,TRUE
23.272728,2.8571429,2.2941177,4,NA,FALSE
23.833334,3,2.3333333,NA,NA,FALSE
22.076923,1.6666666,3.2727273,2.5555556,NA,FALSE
26.777779,3.9545455,NA,NA,2.3703704,FALSE
19.888889,3,2,3.2857144,NA,FALSE
3.826087,3.1428571,3.3529413,4.3000002,NA,TRUE
33.833332,3,2.1666667,3.3076923,NA,TRUE
49.599998,4.5,2.1199999,2.5,2.5799999,FALSE
30.545454,NA,1.75,3.375,2.6666667,TRUE
22.8125,NA,2.0714285,1.8888888,NA,TRUE
28.454546,3.25,2.090909,3.4545455,3,FALSE
18.272728,NA,2,1.9285715,NA,TRUE
18.285715,2.5555556,2,3.2142856,NA,TRUE
18.92,3.1176472,2.3181818,3.6956522,NA,FALSE
23,3,2.2,3.5,2.8888888,FALSE
29.642857,NA,2.5999999,3.6363637,3.3636363,FALSE
26,3,2.5833333,NA,2.5,TRUE
19.857143,NA,2.8,3.5,NA,FALSE
22.4,2.9000001,2.48,3.3,2.5799999,TRUE
23.142857,NA,2.6666667,2.8333333,NA,TRUE
23.454546,2.1818182,2,3.3636363,2.3636363,TRUE
23.75,2.3333333,2.4000001,NA,2.8333333,FALSE
17.764706,NA,2.2941177,3.7272727,NA,TRUE
17.529411,NA,2.0434783,3.25,2.3333333,FALSE
27.307692,3.3684211,2.55,3.2857144,NA,TRUE
20.571428,NA,2,2.8888888,NA,TRUE
31.473684,3.4285715,1.7619047,3.2142856,NA,FALSE
33.900002,3,2.5999999,3.2,2.6700001,TRUE
22.653061,2.6666667,2.9215686,4,NA,TRUE
34,2.4000001,2.48,3.0999999,2.76,FALSE
25.777779,NA,2.0666666,NA,1.7777778,TRUE
23.200001,2,2.8888888,2.5999999,3.3333333,FALSE
28,NA,2.0833333,3,3,FALSE
33.599998,3.4000001,2.24,3.5,2.5799999,FALSE
21.125,3.25,2.4117646,3.8181818,NA,FALSE
56.304348,NA,NA,4.3684211,3.3043478,FALSE
24.799999,3,2.3333333,2.2857144,NA,FALSE
21,2.375,2.0999999,2,NA,FALSE
49.833332,NA,1.5454545,3.55,2.5555556,TRUE
16,NA,1.9166666,3.7,NA,TRUE
20.25,NA,1.9230769,NA,2.9285715,FALSE
16.142857,2.125,2.25,NA,1.75,FALSE
17.939394,2.4333334,2.2553191,3.9729729,NA,FALSE
29.1,3.0999999,2.72,3.2,2.8499999,FALSE
25.117647,2.5833333,2.5294118,NA,NA,FALSE
43.875,3.5,1.6666666,2.8333333,NA,TRUE
24.299999,3,2.5999999,3.4000001,2.8499999,FALSE
26.111111,3,2.5833333,2.5999999,NA,TRUE
51.095238,2.5142858,1.7560976,4.0740743,NA,TRUE
25.25,3,1.625,4.3333335,NA,FALSE
19.5,2.4000001,1.125,1.4444444,NA,TRUE
20.4,2.5,3,2.5,NA,FALSE
19.950001,2.25,2.24,3.8,2.6700001,FALSE
23.950001,NA,3.0769231,3.375,2.8,FALSE
30.363636,2.909091,3.0545454,3.6363637,2.6181817,FALSE
21.200001,NA,3,3.625,NA,FALSE
22.583334,NA,1.7142857,3,NA,TRUE
26.799999,2.7,2.3599999,4,3.03,FALSE
30.4,2.9000001,2.48,3.3,2.49,TRUE
22.1,NA,2.6363637,3.7142856,NA,FALSE
45.583332,NA,2.3333333,3.7777777,NA,TRUE
24.0625,NA,3.0999999,3.2,NA,TRUE
26,2.7,2.1199999,2.3,2.49,TRUE
34.416668,2.75,2.8125,4,NA,FALSE
24.75,2,2.875,3.5,NA,FALSE
21.416666,NA,2.5555556,3.2,2.75,FALSE
27.142857,2,2.8888888,3,NA,FALSE
20.700001,3,2.3599999,3.0999999,2.5799999,FALSE
18.90909,3.0769231,2,NA,NA,FALSE
52.299999,3,2.24,3.75,2.7149999,TRUE
30,NA,2.125,2.5999999,NA,FALSE
28.799999,2.8,2.72,3.2,2.49,FALSE
23.923077,1.5227273,2.3728814,2.7857144,NA,FALSE
41.090908,3.3636363,1.8181819,3.1818182,3.090909,FALSE
30.166666,NA,2.1818182,NA,2.1818182,TRUE
29.727272,NA,2.6666667,NA,2.6666667,TRUE
24.625,NA,3.0769231,3.375,2.8,FALSE
23.210526,NA,3.1052632,2.9166667,2.4117646,FALSE
22.5,2.625,2.2307692,NA,NA,FALSE
27,3,2.0555556,2.125,NA,TRUE
38.25,2.8181818,3.4166667,4,2.909091,TRUE
32.799999,3.6666667,1.9230769,3.25,NA,FALSE
19.416666,NA,3.3333333,2.75,2.25,FALSE
30.416666,2.75,2,4,NA,FALSE
29.352942,2.8,2.1052632,NA,NA,FALSE
19.137932,NA,2.6111112,NA,2.6153846,FALSE
25.272728,2.8181818,2.909091,3.090909,2.1818182,TRUE
4.2857141,NA,2.75,4.2222223,3.125,FALSE
19.846153,3.9166667,1.3684211,NA,NA,TRUE
20.363636,2.0714285,1.2,NA,NA,TRUE
19.818182,3.090909,2.2,NA,NA,TRUE
18.700001,2.5999999,1.6363636,3.7777777,NA,FALSE
34.5,2.8888888,2.0833333,1.8888888,2.1428571,TRUE
26,NA,2.5555556,3.8571429,NA,FALSE
22.700001,1.9,2.24,3.2,2.6700001,FALSE
23.200001,2.8,2.72,4,2.5799999,FALSE
22.375,2.6666667,2.0769231,NA,NA,FALSE
22.058823,3.8,2.3043478,3.2,NA,FALSE
22.5,NA,2.5714285,NA,3.1111112,TRUE
35.700001,3.3,2.24,3.3,2.6700001,TRUE
42.5,3.75,2,3.5555556,2.8,TRUE
40.42857,NA,2.1290324,3.0476191,3.0476191,FALSE
23.636364,NA,2.4210527,3.2631578,NA,FALSE
27,1.5833334,2.347826,3.5,NA,FALSE
42.032257,NA,1.9090909,2.8399999,2.6333334,FALSE
24.181818,2.1818182,2.8545454,3.090909,2.5272727,FALSE
20.333334,NA,1.4,2.8,1.6,TRUE
20.476191,NA,1.76,2.6923077,NA,FALSE
30.545454,NA,2,2.5,NA,FALSE
25.190475,3.3125,2.8518519,NA,NA,FALSE
36.5,4,1.8421053,3.4285715,NA,TRUE
14.428572,NA,3.2222223,3,NA,FALSE
23.375,NA,2.3636363,3.8333333,NA,TRUE
16.555555,NA,2.7,4,NA,FALSE
25.285715,NA,3.2,4,NA,FALSE
24.25,NA,2.5999999,3.6666667,NA,FALSE
23.9,2.8333333,2.8333333,NA,NA,TRUE
25.700001,2.7,2.24,3.5999999,2.49,TRUE
37.727272,3.1818182,2.1090908,3,2.6181817,TRUE
18.454546,3.090909,2.4545455,3.2727273,2.5454545,FALSE
20.133333,NA,1.9333333,2.3846154,NA,FALSE
29.166666,1.5833334,2.4166667,3.1666667,1.9166666,FALSE
23,NA,2,2.5,1.875,FALSE
29.375,NA,2,1.75,2.625,FALSE
30.1,2.25,2.8399999,4,2.9849999,FALSE
60.799999,2.8,2.24,4.0999999,3.1199999,TRUE
17.928572,NA,1.8181819,2.6363637,NA,TRUE
20.799999,1.8,2.2727273,3.1818182,2.5999999,FALSE
22.166666,3.8399999,1.8333334,3.6666667,NA,FALSE
34,3,2.5999999,4,2.75,TRUE
2.1500001,NA,3.6923077,NA,3.1904762,FALSE
22.555555,3.75,2,3.5999999,3.2222223,FALSE
21.9,NA,2.4444444,2.8571429,NA,FALSE
25.799999,2.5999999,2.96,3.5,2.49,TRUE
23.4,3.75,1.4,NA,NA,FALSE
19.461538,NA,2.4000001,2.125,1.8571428,FALSE
24.125,2.590909,2.3333333,2.1176472,NA,TRUE
13.444445,2.5999999,2.3599999,3.3,2.5799999,TRUE
22.666666,3.1666667,2.5294118,NA,NA,FALSE
32.434784,NA,2.309859,3.4444444,NA,FALSE
16.700001,2.1428571,2.2222223,4.4000001,NA,TRUE
20.727272,NA,1.5384616,NA,2.625,TRUE
18.333334,2.8888888,2.7777777,NA,2.909091,FALSE
28.157894,2.7333333,2,3.2666667,NA,TRUE
25,NA,2.5,2.5999999,NA,FALSE
27.25,2.3,2.1818182,NA,2.5,TRUE
29.636364,NA,2.2857144,4.1999998,NA,TRUE
30.959999,3.4000001,1.5,2.2608695,NA,TRUE
25.6,NA,2.7,3.1818182,2.1500001,FALSE
17.75,NA,1.8181819,NA,2,FALSE
24.4,3,2.4000001,2.2,1.25,TRUE
28.133333,4.5999999,1.9375,2.2857144,NA,FALSE
21.4,3.5714285,2.3076923,NA,NA,FALSE
18.299999,NA,2.0588236,NA,2.5999999,FALSE
27.299999,3.5,2,3,2.49,TRUE
16.200001,2.5,2.5999999,2.375,2.375,FALSE
27.714285,NA,1.9565217,2.5714285,NA,FALSE
23.333334,1.7142857,2.5,4.1111112,3,FALSE
26.4,2.7,2.1199999,3.4000001,2.49,TRUE
15.5,NA,2.1428571,3.375,2.2,TRUE
24.875,3.125,2.1666667,2.1666667,2.6666667,FALSE
24.181818,NA,NA,2.5833333,1.625,FALSE
41.333332,NA,2.0645161,NA,2.1666667,TRUE
28.666666,NA,1.3333334,1.9,NA,TRUE
17,NA,3,3.5999999,3.125,FALSE
54.42857,2.625,2,3.5714285,NA,TRUE
20.368422,2.4000001,3.0476191,2.3333333,NA,FALSE
22.4,2.4000001,2.1199999,3.5,2.49,TRUE
23.68421,2.1111112,1.8666667,3.2105262,NA,TRUE
18.809525,NA,2.6315789,3.8333333,NA,FALSE
18.625,NA,1.96,3.5999999,NA,FALSE
22.285715,2.3,2.090909,2.1666667,NA,TRUE
25.666666,NA,2.4545455,3.8571429,1.875,FALSE
39,3.4000001,2.3599999,3.4000001,2.6700001,TRUE
22.583334,2.9166667,2.8333333,3.8333333,3.0833333,FALSE
30,3,2.2,3,2.7777777,FALSE
54.909092,2.8181818,2.090909,3.4545455,3,FALSE
30.333334,2.5555556,2.5999999,3.3333333,NA,TRUE
22.285715,2.8,2.4615386,3.75,NA,TRUE
19.285715,1.8571428,3.2666667,4,NA,FALSE
35.81818,3.090909,2.5454545,3.6363637,2.6363637,TRUE
44.272728,2.2727273,1.3636364,3.3636363,2.75,TRUE
19.083334,2.125,3.2272727,NA,NA,FALSE
26.9,4,NA,NA,1.7142857,FALSE
12.125,NA,1.6666666,1.1203704,NA,FALSE
32.375,NA,2.2727273,2,1.3333334,FALSE
15.384615,NA,2.0666666,NA,2,FALSE
38.799999,NA,1.75,3,NA,TRUE
22.142857,NA,2.6666667,4,3,FALSE
40.090908,3.1578948,1.8214285,4,NA,TRUE
17.181818,NA,NA,3.5555556,2.7,FALSE
24.799999,NA,2.2222223,3,NA,FALSE
38.599998,3.2,2.3599999,3.9000001,2.6700001,TRUE
15.142858,NA,1.7142857,4.1428571,3.0999999,FALSE
17,NA,2.2,3,2.4444444,TRUE
34.900002,3,2.48,3.5999999,2.76,TRUE
20.9,2.2,2.1199999,3.4000001,2.49,TRUE
33.5,2.8,2.3599999,3.3,2.76,TRUE
27.615385,3.4166667,1.1428572,1.75,NA,TRUE
25.5,NA,2.2105262,2,NA,TRUE
6.4000001,2.5,2.72,3.7,2.8499999,FALSE
25.666666,NA,2.7272727,3.2,3.2,FALSE
18.272728,2.3333333,2.2857144,2.875,NA,TRUE
27.689655,3,2.7941177,NA,NA,TRUE
38.733334,NA,2.0999999,3.6666667,2.5714285,TRUE
22.549999,2.75,2.1800001,2.7,2.5350001,TRUE
23.571428,2.75,2.9411764,3.1666667,2.1666667,TRUE
27.384615,3.4285715,2.2857144,2.5555556,NA,TRUE
35.5,2.7,2.48,3.4000001,2.49,FALSE
32.444443,3,2.5454545,3.8,3.3,FALSE
24.777779,NA,2.1428571,2.7142856,NA,FALSE
20.700001,2.1666667,2.2,2.4545455,1.6,TRUE
38.363636,NA,2.2,3.2040815,NA,FALSE
22.727272,2.125,3,3.3636363,NA,FALSE
26.6,3.3,2.5999999,2.9000001,2.4000001,FALSE
29.818182,2.875,2.8,3.3636363,2.5555556,FALSE
27.299999,NA,2.1547618,3.7727273,3.0294118,TRUE
32.785713,NA,2.8125,3.9285715,3.0588236,FALSE
20.200001,2.3333333,2.5999999,3,NA,FALSE
22.157894,NA,2.5999999,3.8571429,2.75,TRUE
19.466667,NA,2.5897436,NA,2.8888888,FALSE
17.444445,2,3,NA,NA,FALSE
27.1,2.8571429,3.0999999,3.6666667,NA,FALSE
19.90909,2.4545455,1.6363636,2.7272727,2.1818182,TRUE
22,NA,2.6086957,NA,3.2727273,TRUE
30.461538,NA,2.1666667,4.5555553,3.25,TRUE
15.571428,3.5,2.4285715,NA,NA,FALSE
26.511627,NA,1.5641025,2.7857144,NA,TRUE
53.846153,4,1.6153846,2.0714285,NA,TRUE
28.4,3,2.3599999,3.3,2.49,TRUE
16.888889,NA,2,4.2857141,NA,TRUE
18.714285,NA,2.2222223,3.5,NA,FALSE
20.681818,NA,2.5999999,3.6500001,2.7,TRUE
27.625,2.25,2,3.7777777,2.375,TRUE
37,3,1.9166666,4,NA,TRUE
24.09091,NA,2.6923077,3.2307692,2.6923077,TRUE
46.142857,NA,1.2608696,2.6086957,2.1578948,TRUE
17,2.8,1.625,NA,NA,TRUE
15.833333,3.3,2.3,3.125,NA,FALSE
19.25,NA,2.375,3.8333333,3,FALSE
42.900002,NA,1.5454545,4.1538463,2.7777777,TRUE
29.700001,NA,1.625,3,NA,TRUE
18.75,NA,2.6666667,3.2,NA,FALSE
33.444443,2.7272727,2.2222223,4.125,2.6666667,TRUE
24,2.7,2.8399999,3.5,2.6700001,FALSE
23.5,3,2.3333333,NA,NA,FALSE
19.25,2.625,2.5,2.75,NA,FALSE
17.857143,NA,2.625,3.4285715,NA,FALSE
24.90909,2.5,3,4.1666665,3.2857144,FALSE
36.333332,4.0999999,1.75,NA,NA,TRUE
23.833334,NA,2,3,2.6666667,TRUE
22.09091,1.8823529,2.05,2.8461537,NA,FALSE
44.111111,NA,2.1428571,2,NA,FALSE
29.5,NA,2.3,NA,1.625,TRUE
19.272728,NA,2.2857144,2.125,NA,FALSE
26.727272,2.25,2,3,2.3,FALSE
21.785715,NA,2,3.6666667,2.5833333,TRUE
27,2.2727273,2.3636363,2.7272727,1.8181819,TRUE
28.17647,NA,2.4000001,3.5,NA,FALSE
23.5,2.7,2.72,3.0999999,2.5799999,FALSE
15.32,3.2941177,2.090909,NA,NA,TRUE
19.444445,NA,2.125,3,2.1666667,FALSE
33.588234,3.6923077,1.875,3.4545455,NA,FALSE
23.875,3,3,3.5,2.5999999,FALSE
3.5833333,NA,2.9285715,3.6666667,NA,FALSE
23.470589,2.6875,2,2.4210527,NA,FALSE
20.799999,NA,2.4285715,3.6470587,2.0999999,FALSE
20.333334,NA,2.8461537,3.8,NA,FALSE
29.6,2.2222223,2,3.4444444,3.3,FALSE
34.454544,3,2.0714285,4.0833335,NA,FALSE
49.166668,NA,2.1666667,4.8275862,3.9759035,FALSE
23.6,2.4000001,2.8571429,NA,NA,FALSE
31.09091,3.0999999,1.6,2.4000001,2.090909,TRUE
38.799999,2.4000001,2.24,3.5,2.8499999,FALSE
28.6,4.0999999,2.24,2.9000001,2.5799999,FALSE
28.071428,3.8421052,1.6923077,NA,NA,TRUE
47.799999,NA,2.2307692,3.4000001,1.875,TRUE
20.272728,NA,1.6,1.8,NA,TRUE
14.45,1.6470588,1.7368422,4,NA,FALSE
30.953489,NA,2.9433963,3.3043478,NA,TRUE
22.333334,NA,2.8571429,3,NA,TRUE
23,1.6666666,2.3333333,4.0833335,2.5833333,TRUE
13.666667,NA,1.8571428,2.375,NA,FALSE
26.714285,3.2,2.5454545,NA,NA,FALSE
27.1,NA,2.0999999,1.5,1.5,TRUE
21.84,NA,2.516129,3.3333333,2.2666667,FALSE
24.615385,3.1666667,3,3.1818182,NA,FALSE
28.333334,2.5,2.7,4,3.0250001,TRUE
28.461538,3,2.5999999,2,NA,FALSE
21.6,NA,3.1428571,3.6666667,NA,FALSE
21.23077,3.6666667,2,NA,NA,FALSE
28.700001,2.9000001,2.72,3.0999999,2.5799999,FALSE
23.666666,NA,2.1111112,2.8,NA,TRUE
33.400002,3,2.5999999,3.4000001,2.76,TRUE
29,2.7,1.7692307,NA,NA,TRUE
20.200001,2.9000001,2.24,2.9000001,2.49,TRUE
22.799999,NA,1.9090909,2.4285715,2.625,FALSE
20.142857,NA,1.7692307,3.25,2.4000001,FALSE
32.799999,2.5999999,2.72,3.8,2.6700001,FALSE
15.571428,2,2.1052632,3.9444444,NA,FALSE
15.583333,NA,2.5789473,3.375,NA,FALSE
23.571428,NA,2.5833333,4.2857141,2.5555556,FALSE
31.9,2,2,3.2,2.4000001,TRUE
35.210526,2.75,1.8947369,3.2,NA,FALSE
17.363636,2.1666667,NA,4.3333335,NA,FALSE
25.799999,2.9000001,2.24,3.3,2.76,FALSE
23.5,3.2222223,3.0999999,NA,2.8571429,FALSE
39.400002,4.2352943,1.7142857,3.3157895,NA,FALSE
21.27907,2.5,1.9642857,2.1707318,1.8709677,TRUE
2,NA,2.5555556,2.5,4,TRUE
20.799999,NA,2.9411764,NA,2.25,TRUE
37.083332,NA,2.9473684,3.590909,NA,TRUE
50.900002,3.6666667,NA,3.3181818,NA,TRUE
19.272728,NA,3.2727273,3.75,NA,FALSE
31,NA,1.625,2.9000001,2.0999999,TRUE
24.117647,NA,2.5833333,NA,2.2,TRUE
15.095238,NA,1.85,4.1999998,NA,FALSE
34.200001,NA,2.909091,4,NA,FALSE
25.833334,3.8333333,1.75,NA,NA,FALSE
24.083334,NA,2.2105262,3.8125,NA,TRUE
10.625,NA,2.2,NA,2.4000001,FALSE
25.285715,4.8333335,1.4666667,2,NA,TRUE
18.954546,NA,2.8947368,3.8125,NA,FALSE
17.333334,3.1111112,2.7272727,NA,NA,FALSE
31.428572,NA,2.4210527,3.590909,2.5625,TRUE
21.181818,NA,1.5,NA,1.4,TRUE
23.799999,1.6,2.24,3.8,2.76,TRUE
27.142857,3.0769231,2.1578948,3.5999999,NA,TRUE
27,NA,1.7857143,NA,2.5,TRUE
22.444445,2.8461537,2.3846154,2.9230769,NA,FALSE
17.843374,NA,2.1764705,3.6500001,2.9333334,FALSE
43.700001,3.4000001,2.48,3.5,2.76,TRUE
37.700001,2.3,2.72,3.4000001,2.4000001,FALSE
20.921053,3.1904762,3,3.7249999,NA,FALSE
25.73913,NA,2.8499999,2.7894738,NA,FALSE
30.3125,3,1.5882353,NA,1.5,TRUE
21.083334,NA,2.9000001,4.4000001,2.8571429,FALSE
18.285715,NA,2.7368422,3,NA,TRUE
24.225,1.9666667,2.8297873,NA,NA,FALSE
37.875,NA,2.090909,3.875,NA,FALSE
29.153847,2.1111112,2.0769231,2.9285715,NA,FALSE
19.181818,2.2857144,2.5,2.5999999,NA,FALSE
20.357143,1.6666666,2.75,NA,NA,FALSE
17.272728,1.745098,2.5277777,2.9555554,2.3499999,FALSE
43.5,3.6666667,1.6428572,3,NA,FALSE
21.727272,NA,1.8888888,2.5714285,NA,TRUE
18.736841,3.6923077,1.6818181,1.7857143,NA,FALSE
60.200001,3,2.48,3.5999999,2.76,TRUE
20.875,3.5,2.2142856,NA,NA,FALSE
21.785715,2.25,2.8571429,3,NA,FALSE
23.666666,NA,2.8181818,3.3076923,NA,FALSE
34.900002,2.8,2.1199999,3.3,2.6700001,TRUE
36.299999,3,2,2.9000001,2.49,TRUE
38.333332,3.5999999,2.4583333,2.75,NA,FALSE
22.75,NA,2.7272727,2,NA,TRUE
22.222221,NA,1.875,NA,2.3196721,FALSE
19.083334,NA,2.7692308,2.0714285,1.7894737,FALSE
34.700001,NA,1.8888888,3.5263157,NA,TRUE
24.653847,NA,2.3448277,2.9000001,NA,TRUE
21.15,2.9411764,2.5,3.5999999,NA,FALSE
22.25,NA,3.3571429,3,NA,FALSE
22.125,2,2.4000001,2.3333333,2.25,FALSE
34.299999,1.6666666,1.5714285,3.3636363,NA,FALSE
23.454546,2.6363637,3.3636363,2.9166667,2.6666667,FALSE
16.333334,NA,1.9090909,3.2222223,NA,TRUE
19.363636,2.4545455,2.5454545,3.3636363,2.4545455,FALSE
22.913044,NA,2.8235295,3.909091,NA,FALSE
31.200001,NA,2.0999999,1.6666666,2,TRUE
36.200001,NA,3.2857144,3.6666667,2.4285715,FALSE
22.814816,2.7333333,2.3870969,NA,NA,FALSE
20.5,NA,2.625,2.75,3.2,TRUE
40.900002,3.4285715,1.5714285,3.0999999,NA,FALSE
24,NA,1.7,3.090909,NA,FALSE
45.299999,2.3,2.5999999,3.4000001,3.03,TRUE
20,2.090909,1.7058823,3.4545455,NA,FALSE
23.5,NA,1.6,2.4000001,NA,TRUE
16.035715,NA,1.9166666,2.8695652,NA,TRUE
24.200001,2.7,2.3599999,3.5,2.6700001,TRUE
16.818182,1.2777778,2.173913,NA,NA,FALSE
24.888889,3.7,2.3076923,NA,2.7142856,TRUE
47.75,2.8571429,1.9230769,3.5,NA,TRUE
28.666666,3.5555556,2.0588236,NA,3.2,FALSE
25.555555,NA,2.3333333,4.1428571,3.1111112,FALSE
34.18182,3.1818182,2,3.8181818,2.6909091,TRUE
27.5,NA,2.2,2.6666667,NA,FALSE
26.4,3.5,2.5,NA,NA,FALSE
38,NA,2,2,1.6666666,FALSE
33,3.5,1.5833334,2,2,TRUE
21.25,NA,3.1612904,3.8888888,3.04,FALSE
42.5,2.9166667,2.3636363,3.5,NA,TRUE
17.200001,2.3,2.4545455,NA,NA,FALSE
24.285715,3.2,2.3846154,NA,NA,TRUE
21.363636,3.1428571,1.7647059,NA,2.2,TRUE
30.166666,2.7777777,2,NA,NA,TRUE
15.5,NA,2.2,2.6666667,NA,FALSE
17.333334,2,2.3636363,NA,NA,TRUE
25.333334,3,2.8,NA,NA,TRUE
24.1,2.8,2.24,3.9000001,2.49,TRUE
15.25,3,2.25,NA,NA,FALSE
26,NA,1.6,3.1428571,2,TRUE
23.5,NA,2.1666667,4.25,2.4000001,FALSE
17.4,3.8571429,3.8,3.6666667,2.375,TRUE
19,NA,2.5,NA,2.25,FALSE
22.545454,NA,2,1.9,NA,FALSE
25.727272,2,2.5714285,3.75,NA,FALSE
23.25,2.4000001,NA,3.2,NA,TRUE
25.75,2.7142856,2.6666667,4,NA,FALSE
30.692308,2.625,1.7272727,2.9000001,NA,TRUE
23,1.8,3.0999999,4.1111112,3,FALSE
32.75,NA,1.6666666,3.5,NA,TRUE
39,NA,2.0999999,3.4444444,2.8571429,TRUE
28.1,3.7,2.24,3.0999999,2.4000001,TRUE
37.866665,NA,1.6363636,2,NA,TRUE
47.299999,2.5999999,2.48,3.8,3.21,FALSE
19.90909,NA,3,3.4285715,2.6666667,FALSE
25.200001,3.4285715,2,NA,NA,TRUE
29,NA,2.0999999,2.7142856,NA,FALSE
17.111111,NA,2.5116279,3.8333333,2.2,FALSE
44.666668,NA,1.7777778,3.3333333,NA,FALSE
19.333334,1.6,2.5,2.5999999,1.8,TRUE
20.642857,NA,2.8666666,3.5384614,NA,FALSE
16.461538,1.6105263,2.1111112,3.2222223,NA,FALSE
20.463415,3,2.0789473,NA,NA,TRUE
21.923077,NA,1.9166666,NA,1.75,TRUE
19.6,2.6666667,2.6363637,3.6666667,2.6666667,FALSE
33,3,1.9428571,3.1714287,3,FALSE
22.200001,2.9000001,2.72,3.2,2.6700001,FALSE
17.894737,3.3199999,2.75,3.1666667,NA,FALSE
19.125,2.1428571,2.7777777,NA,NA,FALSE
24.9,2.8,2.48,2.9000001,2.76,FALSE
30.23077,NA,1.8666667,3.5,NA,FALSE
25.818182,3.090909,2.2909091,3.4545455,3.0272727,TRUE
23.09091,3.625,1.8518518,NA,NA,FALSE
23,NA,NA,4,3.2307692,FALSE
27,NA,2.5833333,4,NA,FALSE
22.727272,NA,2.5,2.75,NA,FALSE
30.333334,3,2,2.3333333,2,TRUE
21.625,NA,2.5769231,3.2777777,NA,FALSE
32.139534,3.0612245,1.984375,2.4400001,NA,FALSE
58.32143,NA,1.8529412,3.369863,NA,FALSE
18.545454,2.3846154,2.4615386,NA,NA,TRUE
29,NA,1.875,3.5,2.375,TRUE
24,3.0999999,2.8399999,3.7,2.8499999,FALSE
32.5,NA,2.5454545,3,2.3333333,FALSE
25.700001,2.4000001,2.8399999,2.9000001,2.49,FALSE
27.799999,NA,1.4736842,2.1333334,NA,FALSE
27.363636,3,2.2727273,3.8181818,3.3636363,FALSE
30.181818,3.4166667,2.3,3.3,2.5,TRUE
22.555555,3.6363637,NA,2.0999999,NA,FALSE
28.299999,2.5,2.1199999,3.9000001,2.6700001,TRUE
18.68421,NA,1.9333333,2.3157895,NA,TRUE
49.5,NA,1.7142857,2.7142856,2.3,TRUE
26.363636,NA,2.25,3.2727273,NA,FALSE
25.125,2.7142856,2.5999999,NA,NA,FALSE
22.9375,2.6666667,2.5999999,4.3333335,NA,FALSE
38.5,3,2.72,3.5,2.76,FALSE
22,3.0999999,2.72,3.7,2.5799999,FALSE
28.714285,NA,2.5185184,3,NA,TRUE
21.200001,NA,2.875,3.5555556,2.8888888,FALSE
20.722221,NA,2.7083333,3.3571429,2.5294118,FALSE
20,2.1666667,2.0999999,2.9000001,NA,FALSE
36.222221,2.8571429,1.9285715,3.5,NA,TRUE
28.799999,3.4000001,2.3599999,3.3,2.76,FALSE
30.1,2.5,2.72,3.3,2.8499999,TRUE
30.9,NA,1.8,3.1111112,NA,FALSE
30.958334,NA,1.9,3.8823528,2.5,FALSE
32.400002,3.9000001,2.24,2.9000001,2.49,TRUE
15.8,1.8888888,2.5,NA,NA,FALSE
22.714285,4,1.8947369,2.2857144,NA,TRUE
43.5,3.7,2.1199999,2.5999999,2.5799999,TRUE
24.1,2.8,2,2.5999999,2.5799999,TRUE
18.857143,3.2857144,2.75,3.125,2.7142856,FALSE
35.16,NA,1.7142857,3.2307692,2.2608695,TRUE
24.214285,NA,2.25,3.25,2.8,FALSE
16.454546,2.2307692,2.3571429,NA,NA,TRUE
22.071428,NA,2.2105262,2.75,2.375,FALSE
65.36364,NA,2.5714285,3.5999999,1.7692307,TRUE
35.700001,2.3,1.8333334,3.8181818,2.7777777,TRUE
32.599998,2.5999999,2.1199999,3,2.76,FALSE
23.285715,NA,2.3333333,2.75,NA,TRUE
28.533333,NA,2,1.8235294,NA,TRUE
31.5,3.7272727,2.1818182,3.5,2.5,TRUE
24.916666,NA,3.0714285,3.7777777,2.5,FALSE
23.380953,3.3571429,2.7647059,NA,NA,FALSE
19.75,2.5555556,2.6363637,3,NA,FALSE
23.700001,2.5,3.25,3.6666667,2.9000001,FALSE
52.615383,3.8888888,1.4166666,2.4444444,NA,TRUE
26.90909,NA,2.4166667,2.1428571,NA,FALSE
26.714285,2.9230769,2.3125,NA,NA,FALSE
28.700001,3,2.1199999,2.7,2.49,TRUE
19.205883,NA,3,3.3714285,2.8571429,FALSE
24,1.9166666,2.4166667,3.4166667,3.090909,FALSE
28.615385,3.7333333,1.9375,2.4375,NA,TRUE
17.578947,2.3076923,2.4761906,2.3499999,NA,FALSE
29,NA,1.75,2.8888888,3,FALSE
38.700001,3.9000001,2.1199999,2.9000001,2.49,TRUE
22.363636,NA,3,3.5999999,NA,FALSE
20.09091,2,2.2,3.5454545,2.7,TRUE
20.052631,NA,1.9583334,2.0769231,NA,TRUE
28.714285,2.25,2.8461537,2.3199999,NA,FALSE
22.5,2.5999999,2.5999999,3.3,2.6700001,FALSE
18.363636,NA,1.8,2.125,NA,FALSE
29,2.8,2.24,3.5999999,3.03,FALSE
16.857143,2.3333333,2.5,NA,2.6666667,FALSE
17.76923,2.6428571,1.8461539,NA,NA,FALSE
33,3.6666667,2.090909,2.1333334,NA,TRUE
23.235294,NA,2.625,3.3684211,NA,TRUE
51.333332,3.6666667,1.3888888,2.2727273,NA,TRUE
29.299999,2.2,2,2.9000001,2.5799999,FALSE
22.785715,1.7222222,3.5,2.6500001,NA,FALSE
31.133333,NA,1.9090909,NA,2.75,TRUE
16.85,2.7777777,2.5,2.5,NA,FALSE
22.454546,2.75,2.090909,NA,NA,TRUE
13.2,2.4000001,2,3.5,2.76,TRUE
15.571428,2.3333333,2.4166667,2.6666667,NA,FALSE
21.299999,2.9000001,2.3599999,3.3,2.5799999,FALSE
20.1,2.625,2.4444444,NA,NA,FALSE
24.4,3,2,4,NA,TRUE
27.714285,3,2,2.4285715,2.2142856,TRUE
25.705883,2.1363637,2.6666667,3.3571429,NA,FALSE
20.125,NA,1.8,3.5,2.8571429,FALSE
20.299999,NA,3.0930233,3.4000001,NA,FALSE
24.888889,3,NA,3.4545455,2.5,FALSE
21.4,2.3,2.24,3.8,2.76,TRUE
27.25926,2.7894738,3,NA,NA,FALSE
26.6,2.7,2.5999999,3.3,2.5799999,FALSE
32.400002,NA,2.2857144,3.7777777,2.6111112,TRUE
22.700001,NA,3,3.4000001,2.4444444,TRUE
24.428572,2.5,1.75,2.5999999,NA,TRUE
25.457144,4.3157897,NA,2.9545455,NA,FALSE
30.714285,2.2558138,3,NA,2.3125,FALSE
20.6,NA,2.9166667,3.75,NA,FALSE
32.090908,2.909091,1.7272727,4,2.6363637,FALSE
20.872341,2.2156863,2.3773584,NA,NA,FALSE
23.333334,NA,3.1578948,2.5333333,NA,FALSE
23.654545,NA,2.8275862,3.5510204,2.625,FALSE
24.4,3.4000001,2.24,3,2.5799999,TRUE
26.6,NA,1.7,2.75,NA,FALSE
32,NA,2,3.25,NA,TRUE
29.4,3.875,2,2.625,NA,FALSE
20.9,NA,2.9000001,3.7777777,NA,FALSE
28.142857,NA,2.2857144,2.9000001,NA,FALSE
24.700001,2.8,2.3333333,NA,NA,TRUE
25.799999,2.7,2.96,3.5,2.9400001,FALSE
19.142857,NA,2.5999999,3.2,NA,FALSE
25.466667,NA,2.8461537,3.6363637,NA,FALSE
24.125,2.5,3,3.3,NA,TRUE
25.444445,2.7777777,2.090909,3.090909,2.3,TRUE
20.799999,2.1111112,2.3571429,NA,NA,FALSE
28.1,3.2,2.24,3.5999999,2.5799999,TRUE
30.1,2.8,2.4000001,3.3636363,2.3636363,TRUE
27.833334,3.5555556,1.9090909,2.75,3.2,TRUE
23,4.3333335,1.5555556,2.875,NA,FALSE
18.266666,NA,2.2631578,3.5,2.125,FALSE
23.1,2.7,2.72,3.3,2.49,TRUE
28.357143,NA,2.6153846,3.6666667,2.4285715,FALSE
25.545454,3.4545455,2.2727273,2.9166667,3.1666667,FALSE
45.642857,NA,2.9333334,3.6153846,NA,FALSE
18.4,1.7272727,2.6666667,3.4000001,2.909091,FALSE
24.5,NA,NA,3.2142856,2.7142856,FALSE
28.82353,3.8,1.7894737,3.1818182,NA,FALSE
44.666668,NA,2.1538463,3,NA,FALSE
3.3333333,NA,3.090909,4,NA,FALSE
23,NA,3.0769231,3.4444444,NA,FALSE
19.111111,NA,2.0666666,2.3333333,NA,TRUE
31.272728,3,2.3,3.6363637,NA,TRUE
31.125,NA,1.6153846,2.4285715,1.625,TRUE
21,2.9000001,2.48,3.2,2.5799999,FALSE
29,3,2.5,2.7272727,NA,TRUE
22.888889,3.0999999,2.3599999,3.0999999,2.6700001,TRUE
23.142857,NA,2.7,3.6666667,NA,FALSE
27.299999,2.9000001,2.48,3.3,2.5799999,FALSE
46.299999,3.4444444,2,3.625,2.875,TRUE
24.4,2.8571429,2.5,NA,NA,FALSE
26.114286,NA,3.1578948,NA,2.5172415,FALSE
20.1,2.7,2.3599999,3,2.49,FALSE
24,NA,3,4,3.2857144,FALSE
26.799999,3,2.24,3.2,2.5799999,TRUE
51.666668,NA,1.6666666,3.75,NA,TRUE
30.5,2.2,2.5999999,3.5,2.76,FALSE
25.818182,2.1818182,2.1272728,3.3636363,2.8636363,FALSE
18.545454,NA,2.2857144,NA,3.1666667,TRUE
17.5,3,2.8,2.7777777,NA,FALSE
18.1,NA,NA,4,2.125,FALSE
37.400002,3.0999999,2.3599999,3.5,2.6700001,TRUE
19.375,NA,2.3333333,3,2.2,TRUE
21.888889,NA,3.2,3.0999999,NA,FALSE
21.200001,NA,2,3,2.6666667,TRUE
27.083334,1.7,2.4736843,NA,NA,FALSE
22.833334,2.5999999,2.875,4.090909,NA,FALSE
21.222221,NA,2.909091,NA,1.2222222,TRUE
22.5,2.5999999,2.3599999,3.5,2.49,TRUE
16.375,2.5999999,1.8571428,2.875,2,FALSE
44.81818,2.84375,2.5217392,NA,NA,TRUE
58.272728,1.9090909,1.7272727,3,2.6363637,TRUE
23.333334,2.5,2.3333333,3.1666667,NA,TRUE
20.454546,NA,1.8,2.3,1.4,FALSE
23.888889,3.1111112,2,3.3333333,NA,TRUE
33.57143,2.5,1.9285715,NA,2.3333333,FALSE
22.09091,NA,1.9333333,3.125,NA,FALSE
24.736841,3.1111112,2.7727273,3.7333333,NA,FALSE
17.727272,3.3636363,2.0181818,2.8181818,2.4545455,TRUE
21.235294,2.1111112,2.8499999,3.7333333,NA,FALSE
20.166666,NA,2.2222223,3.8888888,3.125,FALSE
19.842106,NA,2.1851852,3,2.3611112,TRUE
23.333334,2.5555556,3,2.4444444,NA,FALSE
23.200001,3.0555556,2.2424242,3.8823528,NA,FALSE
25.9,NA,2.6363637,3.25,2.2,FALSE
38.400002,2.8,2.48,3.4000001,2.4000001,FALSE
24.5,NA,1.8947369,2.0769231,NA,TRUE
21.785715,NA,2.1764705,1.7142857,NA,TRUE
24.09091,NA,2.1818182,3.125,NA,TRUE
25.285715,NA,2.6666667,NA,3.125,FALSE
40.454544,4.1999998,1.4545455,2,NA,TRUE
25.333334,2.4285715,2.2105262,NA,NA,TRUE
27.200001,3.2,2.1199999,3.9000001,3.03,TRUE
31.4,3,2.1199999,3.0999999,2.6700001,TRUE
35.92857,NA,1.95,3.0833333,NA,FALSE
30.444445,2.5999999,2,NA,NA,TRUE
17.75,2.3571429,2.8076923,NA,NA,FALSE
19.5,NA,2.3076923,3.7272727,2.8461537,TRUE
20.166666,NA,1.9333333,3.1111112,2.1818182,FALSE
39.714287,2.7,2.0625,3.7857144,NA,TRUE
38,3.2,2.3599999,3.3,2.6700001,TRUE
24.277779,NA,2.7777777,3,NA,TRUE
29.888889,2.5999999,1.8888888,NA,NA,TRUE
21.913044,4.0625,2.0454545,2.6315789,NA,FALSE
26.200001,2.5,2.3599999,3.5,2.6700001,FALSE
17.794117,2.4444444,2.5454545,2.5185184,NA,TRUE
42.23077,3.2,2,NA,NA,FALSE
22.333334,NA,2.1818182,2,NA,TRUE
22.933332,2.5,2.6666667,3.9000001,NA,FALSE
29.727272,NA,2.1111112,2.1875,2.3846154,FALSE
16.799999,2.7777777,1.6363636,2.5999999,NA,FALSE
17.25,3.1111112,2.0999999,NA,NA,FALSE
22.700001,3.0999999,2.48,3.7,2.8499999,TRUE
28.625,2,2.090909,3.2222223,NA,FALSE
27,3.1666667,2.125,3.3846154,NA,FALSE
27.768116,2.5,1.9545455,2.4035087,NA,TRUE
25.727272,2.5454545,3.1818182,2.8181818,2.5454545,FALSE
57.799999,NA,1.4285715,1.9,1.1666666,TRUE
27,3,2.4363637,3.8181818,2.7,TRUE
22.454546,NA,NA,4.25,3.2142856,TRUE
27.299999,2.7,2.8399999,3.3,2.49,FALSE
21.625,NA,2.7,2.6666667,NA,FALSE
39.090908,NA,2,3.6666667,NA,FALSE
16.818182,NA,2,3.3333333,NA,FALSE
21.745098,NA,2.6956522,2.5625,NA,TRUE
20.777779,2.5555556,2.5714285,1.7142857,NA,FALSE
29.555555,NA,NA,3.1111112,2.1666667,TRUE
26.428572,3.2307692,2.3846154,3.909091,NA,FALSE
24.666666,2.6363637,2.5,3.1666667,NA,TRUE
23.157894,2.6875,2.2380953,NA,NA,FALSE
23.666666,2.8,2.3599999,3.5999999,2.76,TRUE
20.875,NA,2.9000001,3.2857144,NA,TRUE
22.125,1.8571428,2.4285715,2.625,2.375,FALSE
25.157894,NA,2.8275862,3.6875,NA,TRUE
24.9,2.3,2.5999999,3.0999999,2.49,FALSE
19.200001,2,2.5882354,3.75,NA,FALSE
36.200001,4.3333335,1.4545455,2.8571429,NA,TRUE
18.222221,2.2222223,2.3333333,4.5555553,3.4444444,FALSE
26.045454,2.8461537,3.0769231,3.75,NA,FALSE
34.4375,NA,1.8461539,4.0588236,NA,TRUE
32.5,3.0999999,2.3599999,3.2,2.5799999,TRUE
28.583334,NA,2.9166667,3.25,2.5,TRUE
34.9375,NA,2.3333333,2.2,NA,FALSE
25.299999,3.0999999,2.72,3.2,2.6700001,FALSE
24.5,NA,3.1111112,3.6363637,NA,FALSE
28.200001,2.5,2.7777777,3.7142856,NA,FALSE
30.799999,3.5,2.1199999,3.2,2.6700001,TRUE
30.428572,NA,2.1333334,3.6363637,NA,TRUE
36.650002,NA,1.630137,NA,2.3333333,FALSE
19.533333,2.8571429,2.3888888,3.7777777,NA,FALSE
21.333334,2.25,2.090909,3.3333333,2.1428571,TRUE
22.666666,2.7142856,2.4545455,2.2,NA,FALSE
20.875,2.375,2.6666667,NA,NA,FALSE
20.363636,2.5,3.5454545,NA,NA,FALSE
19.5,NA,2.3888888,3.125,NA,TRUE
19.307692,NA,2.3684211,3.0769231,NA,FALSE
18.375,2.7142856,2.5333333,NA,NA,FALSE
36,NA,2.2,3.2727273,NA,FALSE
22.933332,NA,2.7619047,NA,2.6666667,FALSE
28.333334,3,NA,3.25,NA,FALSE
24.75,NA,2.7272727,4,2.8888888,FALSE
14.75,NA,2.2222223,NA,2.1818182,FALSE
26.107143,3.2727273,2.2750001,3.1666667,NA,TRUE
16.636364,1.2857143,2.3333333,1.8333334,NA,TRUE
28.6,3.7,2,3.4000001,2.76,TRUE
14.625,1.8333334,2.5,2.7,NA,FALSE
29.692308,NA,2.1538463,2.8571429,NA,TRUE
22.272728,3.5,2.0625,NA,NA,FALSE
21.357143,2,2.5,NA,NA,FALSE
24,3.1111112,2.5555556,2.75,2.3076923,FALSE
28.545454,NA,2.3076923,2.1052632,NA,FALSE
17.882353,NA,1.9090909,2.875,NA,TRUE
23,2.7777777,2.2,2.8,2.6666667,FALSE
34.777779,2.8333333,2.0999999,2.5,NA,FALSE
44.837208,4.6451612,1.7959183,2.8648648,NA,FALSE
24.9,2.8,2.5999999,3.7,2.8499999,FALSE
22.299999,1.9,2.24,3.2,2.4000001,TRUE
21.166666,NA,2.5454545,3.8333333,NA,TRUE
20.384615,1.6666666,3.2,NA,NA,FALSE
24.763159,NA,2.1666667,NA,1.5,TRUE
25.200001,2.3,2.48,3.5,2.5799999,TRUE
26.25,2.6666667,2.6666667,3.5,3.0833333,FALSE
24.6,2.5999999,2.8399999,3.7,2.6700001,FALSE
16.75,1.2727273,NA,4.2666669,2.8,FALSE
23.962963,2.8,1.862069,NA,NA,FALSE
16.333334,2.6666667,2.9000001,NA,NA,FALSE
35.285713,NA,2.5,2.375,2.3333333,TRUE
24.799999,2.4000001,2.72,3.0999999,2.49,FALSE
22.5,2.8181818,2.7,3.7777777,3,FALSE
50.363636,NA,1.5555556,NA,1.8,TRUE
26.299999,3.0999999,2,2.3,2.4000001,TRUE
60.18182,2.6363637,2.4545455,4,2.3636363,TRUE
19.733334,2.8666666,3.2105262,3,NA,FALSE
28.888889,3.875,2,3,2,TRUE
28.222221,3.2857144,2,NA,NA,TRUE
32.599998,NA,1.6428572,2.8,3.0714285,TRUE
44.380951,NA,1.7307693,NA,2.6842105,TRUE
30.25,2.7777777,2.7272727,4,NA,FALSE
49.166668,4.25,1.3333334,3,2.5555556,FALSE
32.200001,NA,2.3636363,4.8000002,3,TRUE
22.515152,1.8333334,3.3541667,2.3636363,NA,FALSE
23,2.5999999,1.8333334,NA,1.4285715,TRUE
27.391304,NA,2.5833333,3.5,2.6428571,FALSE
24.299999,2.8,2.24,3.4000001,2.5799999,TRUE
39.523811,NA,2.1363637,3.25,2.8235295,FALSE
17.4,NA,2,1.5,NA,TRUE
30.222221,NA,3,3.8571429,3,TRUE
29.833334,NA,2.25,2.1666667,1.5714285,FALSE
24.866667,2.8333333,2.8333333,3.25,NA,FALSE
19.833334,NA,2,3,NA,TRUE
25.833334,2.8333333,2.3833334,3.25,2.4916666,TRUE
19.857143,NA,2.5714285,4,2.75,TRUE
45.5,3.4000001,2.5999999,3.2,2.76,TRUE
38.870968,3.4375,2.125,4,NA,FALSE
22,NA,2.25,3.6315789,NA,FALSE
24.1,2.3,2.5999999,3.5,3.03,FALSE
33.272728,3.3636363,2.4545455,4,3.2,FALSE
18.636364,NA,2.5333333,1.8,NA,FALSE
23.538462,NA,2,3.2222223,NA,FALSE
20.266666,NA,2.7647059,3.8461537,NA,FALSE
21.25,3,2.1428571,4,3,FALSE
22.461538,NA,2.1851852,2.826087,NA,TRUE
25.652174,2.8888888,1.704,2.4262295,1.4736842,TRUE
22.071428,2.5999999,3.2727273,2.875,NA,FALSE
17.076923,2.6296296,2.347826,2.90625,NA,TRUE
21.09091,2.5454545,2.8363636,3.4545455,2.9454546,FALSE
17.666666,2.2142856,3.25,NA,NA,FALSE
16.642857,NA,2.2857144,1.4,1.6,FALSE
24.1,3,2.48,3.4000001,2.4000001,FALSE
26.705883,NA,3.4666667,2.8571429,2.7647059,FALSE
38.166668,2.2,1.4545455,3.0999999,1.9,TRUE
21,NA,1.7058823,3,NA,FALSE
20,2.75,2.5,3.5,NA,FALSE
23.6,2.9333334,3.0666666,3.1538463,NA,FALSE
38.807693,3.3636363,1.96,2.4761906,3.25,TRUE
28.5,NA,2.2307692,3.625,2.3333333,TRUE
26.5,2.5294118,2.5652175,3.7058823,NA,FALSE
21.285715,NA,2.6666667,3.1875,NA,FALSE
30.764706,NA,2.4736843,3.4285715,NA,TRUE
21,NA,3,NA,2.8333333,TRUE
24.1,2.0999999,3.4285715,3,NA,FALSE
22.583334,NA,3.0512822,3.5,2.9583333,FALSE
23.727272,NA,2.2307692,NA,1.5,FALSE
25.777779,2,2.8888888,NA,NA,FALSE
42.222221,3.3333333,1.7142857,2.7333333,NA,TRUE
26.375,NA,2.2727273,3.1428571,1.7692307,TRUE
30.4,2.5999999,2,3.7,2.49,TRUE
26.235294,3.7777777,1.6470588,NA,NA,FALSE
46.400002,3.4000001,2.24,3.8,2.8499999,TRUE
19.200001,2.5,2.8399999,3.0999999,2.76,FALSE
35.81818,3.8181818,2,3.5833333,2.8333333,TRUE
24,NA,1.5714285,2,2.4285715,FALSE
17.5,2.5555556,2.2222223,3.125,NA,TRUE
22.363636,3.6842105,1.9047619,NA,NA,FALSE
30.545454,3,2,3.4545455,3,TRUE
27.714285,NA,2.4000001,4.3333335,2.6666667,TRUE
